Country,Meeting_Date,CRC_Risk,CRC_Year
Afghanistan,1999-10-14,7.0,1999
Afghanistan,2000-01-24,7.0,2000
Afghanistan,2007-10-26,7.0,2007
Afghanistan,2008-10-24,7.0,2008
Afghanistan,2009-10-23,7.0,2009
Afghanistan,2010-12-10,7.0,2010
Afghanistan,2011-10-28,7.0,2011
Afghanistan,2012-10-26,7.0,2012
Afghanistan,2013-10-18,7.0,2013
Afghanistan,2014-10-17,7.0,2014
Afghanistan,2015-10-30,7.0,2015
Afghanistan,2016-10-28,7.0,2016
Afghanistan,2017-10-27,7.0,2017
Afghanistan,2018-10-26,7.0,2018
Afghanistan,2019-10-18,7.0,2019
Afghanistan,2020-10-16,7.0,2020
Afghanistan,2021-10-22,7.0,2021
Afghanistan,2023-10-13,7.0,2023
Afghanistan,2024-10-11,7.0,2024
Afghanistan,2025-06-27,7.0,2025
Albania,1999-10-14,7.0,1999
Albania,2000-05-02,7.0,2000
Albania,2002-10-25,7.0,2002
Albania,2003-10-24,7.0,2003
Albania,2004-10-22,6.0,2004
Albania,2005-10-21,6.0,2005
Albania,2006-10-20,6.0,2006
Albania,2007-10-26,6.0,2007
Albania,2008-10-24,6.0,2008
Albania,2009-10-23,6.0,2009
Albania,2010-12-10,6.0,2010
Albania,2011-10-28,6.0,2011
Albania,2012-10-26,6.0,2012
Albania,2013-10-18,6.0,2013
Albania,2014-10-17,6.0,2014
Albania,2015-10-30,6.0,2015
Albania,2016-10-28,6.0,2016
Albania,2017-10-27,6.0,2017
Albania,2018-10-26,6.0,2018
Albania,2019-10-18,5.0,2019
Albania,2020-10-16,5.0,2020
Albania,2021-10-22,5.0,2021
Albania,2023-10-13,5.0,2023
Albania,2024-10-11,5.0,2024
Albania,2025-06-27,4.0,2025
Algeria,1999-10-14,6.0,1999
Algeria,2000-05-02,6.0,2000
Algeria,2002-10-25,4.0,2002
Algeria,2003-10-24,4.0,2003
Algeria,2004-10-22,4.0,2004
Algeria,2005-10-21,3.0,2005
Algeria,2006-10-20,3.0,2006
Algeria,2007-10-26,3.0,2007
Algeria,2008-10-24,3.0,2008
Algeria,2009-10-23,3.0,2009
Algeria,2010-12-10,3.0,2010
Algeria,2011-10-28,3.0,2011
Algeria,2012-10-26,3.0,2012
Algeria,2013-10-18,3.0,2013
Algeria,2014-10-17,3.0,2014
Algeria,2015-10-30,3.0,2015
Algeria,2016-10-28,4.0,2016
Algeria,2017-10-27,4.0,2017
Algeria,2018-10-26,4.0,2018
Algeria,2019-10-18,4.0,2019
Algeria,2020-10-16,5.0,2020
Algeria,2021-10-22,5.0,2021
Algeria,2023-10-13,5.0,2023
Algeria,2024-10-11,5.0,2024
Algeria,2025-06-27,5.0,2025
Angola,1999-10-14,7.0,1999
Angola,2000-05-02,7.0,2000
Angola,2002-10-25,7.0,2002
Angola,2003-10-24,7.0,2003
Angola,2004-10-22,7.0,2004
Angola,2005-10-21,7.0,2005
Angola,2006-10-20,7.0,2006
Angola,2007-10-26,7.0,2007
Angola,2008-10-24,6.0,2008
Angola,2009-10-23,6.0,2009
Angola,2010-12-10,6.0,2010
Angola,2011-10-28,6.0,2011
Angola,2012-10-26,5.0,2012
Angola,2013-10-18,5.0,2013
Angola,2014-10-17,5.0,2014
Angola,2015-10-30,5.0,2015
Angola,2016-10-28,6.0,2016
Angola,2017-10-27,6.0,2017
Angola,2018-10-26,6.0,2018
Angola,2019-10-18,6.0,2019
Angola,2020-10-16,6.0,2020
Angola,2021-10-22,6.0,2021
Angola,2023-10-13,6.0,2023
Angola,2024-10-11,6.0,2024
Angola,2025-06-27,6.0,2025
Antigua and Barbuda,1999-10-14,7.0,1999
Antigua and Barbuda,2000-05-02,7.0,2000
Antigua and Barbuda,2002-10-25,7.0,2002
Antigua and Barbuda,2003-10-24,7.0,2003
Antigua and Barbuda,2004-10-22,7.0,2004
Antigua and Barbuda,2005-10-21,7.0,2005
Antigua and Barbuda,2006-10-20,7.0,2006
Antigua and Barbuda,2007-10-26,6.0,2007
Antigua and Barbuda,2008-10-24,6.0,2008
Antigua and Barbuda,2009-10-23,6.0,2009
Antigua and Barbuda,2010-12-10,6.0,2010
Antigua and Barbuda,2011-10-28,6.0,2011
Antigua and Barbuda,2012-10-26,6.0,2012
Antigua and Barbuda,2013-10-18,6.0,2013
Antigua and Barbuda,2015-06-26,7.0,2015
Antigua and Barbuda,2021-10-22,7.0,2021
Antigua and Barbuda,2024-10-11,7.0,2024
Antigua and Barbuda,2025-06-27,7.0,2025
Argentina,1999-10-14,5.0,1999
Argentina,2000-05-02,6.0,2000
Argentina,2002-10-25,7.0,2002
Argentina,2003-10-24,7.0,2003
Argentina,2004-10-22,7.0,2004
Argentina,2005-10-21,7.0,2005
Argentina,2006-10-20,7.0,2006
Argentina,2007-10-26,7.0,2007
Argentina,2008-10-24,7.0,2008
Argentina,2009-10-23,7.0,2009
Argentina,2010-12-10,7.0,2010
Argentina,2011-10-28,7.0,2011
Argentina,2012-10-26,7.0,2012
Argentina,2013-10-18,7.0,2013
Argentina,2014-10-17,7.0,2014
Argentina,2015-10-30,7.0,2015
Argentina,2016-10-28,6.0,2016
Argentina,2017-10-27,6.0,2017
Argentina,2018-10-26,6.0,2018
Argentina,2019-10-18,7.0,2019
Argentina,2020-10-16,7.0,2020
Argentina,2021-10-22,7.0,2021
Argentina,2023-10-13,7.0,2023
Argentina,2024-10-11,7.0,2024
Argentina,2025-06-27,7.0,2025
Armenia,1999-10-14,7.0,1999
Armenia,2000-05-02,7.0,2000
Armenia,2002-10-25,7.0,2002
Armenia,2003-10-24,7.0,2003
Armenia,2004-10-22,7.0,2004
Armenia,2005-10-21,7.0,2005
Armenia,2006-10-20,6.0,2006
Armenia,2007-10-26,6.0,2007
Armenia,2008-10-24,6.0,2008
Armenia,2009-10-23,6.0,2009
Armenia,2010-12-10,6.0,2010
Armenia,2011-10-28,6.0,2011
Armenia,2012-10-26,6.0,2012
Armenia,2013-10-18,6.0,2013
Armenia,2014-10-17,6.0,2014
Armenia,2015-10-30,6.0,2015
Armenia,2016-10-28,6.0,2016
Armenia,2017-10-27,6.0,2017
Armenia,2018-10-26,6.0,2018
Armenia,2019-10-18,6.0,2019
Armenia,2020-10-16,6.0,2020
Armenia,2021-10-22,6.0,2021
Armenia,2023-10-13,6.0,2023
Armenia,2024-10-11,6.0,2024
Armenia,2025-06-27,6.0,2025
Aruba,2000-05-02,4.0,2000
Aruba,2002-10-25,4.0,2002
Aruba,2003-10-24,4.0,2003
Aruba,2004-10-22,4.0,2004
Aruba,2005-10-21,4.0,2005
Aruba,2006-10-20,4.0,2006
Aruba,2013-10-18,4.0,2013
Aruba,2014-10-17,4.0,2014
Aruba,2015-10-30,4.0,2015
Aruba,2016-10-28,4.0,2016
Aruba,2017-10-27,4.0,2017
Aruba,2018-10-26,4.0,2018
Aruba,2019-10-18,4.0,2019
Aruba,2020-10-16,5.0,2020
Aruba,2021-10-22,6.0,2021
Aruba,2023-10-13,5.0,2023
Aruba,2024-10-11,4.0,2024
Aruba,2025-06-27,4.0,2025
Australia,1999-10-14,0.0,1999
Australia,2000-05-02,0.0,2000
Australia,2002-10-25,0.0,2002
Australia,2003-10-24,0.0,2003
Australia,2004-10-22,0.0,2004
Australia,2005-10-21,0.0,2005
Australia,2006-10-20,0.0,2006
Australia,2007-10-26,0.0,2007
Australia,2008-10-24,0.0,2008
Australia,2009-10-23,0.0,2009
Australia,2010-12-10,0.0,2010
Australia,2011-10-28,0.0,2011
Australia,2012-10-26,0.0,2012
Austria,1999-10-14,0.0,1999
Austria,2000-05-02,0.0,2000
Austria,2002-10-25,0.0,2002
Austria,2003-10-24,0.0,2003
Austria,2004-10-22,0.0,2004
Austria,2005-10-21,0.0,2005
Austria,2006-10-20,0.0,2006
Austria,2007-10-26,0.0,2007
Austria,2008-10-24,0.0,2008
Austria,2009-10-23,0.0,2009
Austria,2010-12-10,0.0,2010
Austria,2011-10-28,0.0,2011
Austria,2012-10-26,0.0,2012
Azerbaijan,1999-10-14,7.0,1999
Azerbaijan,2000-05-02,7.0,2000
Azerbaijan,2002-10-25,6.0,2002
Azerbaijan,2003-10-24,6.0,2003
Azerbaijan,2004-10-22,6.0,2004
Azerbaijan,2005-10-21,6.0,2005
Azerbaijan,2006-10-20,5.0,2006
Azerbaijan,2007-10-26,5.0,2007
Azerbaijan,2008-10-24,5.0,2008
Azerbaijan,2009-10-23,5.0,2009
Azerbaijan,2010-12-10,5.0,2010
Azerbaijan,2011-10-28,5.0,2011
Azerbaijan,2012-10-26,5.0,2012
Azerbaijan,2013-10-18,5.0,2013
Azerbaijan,2014-10-17,5.0,2014
Azerbaijan,2015-10-30,5.0,2015
Azerbaijan,2016-10-28,5.0,2016
Azerbaijan,2017-10-27,5.0,2017
Azerbaijan,2018-10-26,5.0,2018
Azerbaijan,2019-10-18,5.0,2019
Azerbaijan,2020-10-16,5.0,2020
Azerbaijan,2021-10-22,5.0,2021
Azerbaijan,2023-10-13,4.0,2023
Azerbaijan,2024-10-11,4.0,2024
Azerbaijan,2025-06-27,4.0,2025
Bahamas,1999-10-14,3.0,1999
Bahamas,2000-05-02,3.0,2000
Bahamas,2002-10-25,3.0,2002
Bahamas,2003-10-24,3.0,2003
Bahamas,2004-10-22,3.0,2004
Bahamas,2005-10-21,3.0,2005
Bahamas,2006-10-20,3.0,2006
Bahamas,2007-10-26,3.0,2007
Bahamas,2008-10-24,3.0,2008
Bahamas,2009-10-23,3.0,2009
Bahamas,2010-12-10,3.0,2010
Bahamas,2011-10-28,3.0,2011
Bahamas,2012-10-26,3.0,2012
Bahamas,2013-10-18,3.0,2013
Bahamas,2014-10-17,3.0,2014
Bahamas,2015-10-30,3.0,2015
Bahamas,2016-10-28,3.0,2016
Bahamas,2017-10-27,3.0,2017
Bahamas,2018-10-26,3.0,2018
Bahamas,2019-10-18,3.0,2019
Bahamas,2020-10-16,4.0,2020
Bahamas,2021-10-22,4.0,2021
Bahamas,2023-10-13,4.0,2023
Bahamas,2024-10-11,4.0,2024
Bahamas,2025-06-27,4.0,2025
Bahrain,1999-10-14,3.0,1999
Bahrain,2000-05-02,3.0,2000
Bahrain,2002-10-25,3.0,2002
Bahrain,2003-10-24,3.0,2003
Bahrain,2004-10-22,3.0,2004
Bahrain,2005-10-21,3.0,2005
Bahrain,2006-10-20,2.0,2006
Bahrain,2007-10-26,2.0,2007
Bahrain,2008-10-24,2.0,2008
Bahrain,2009-10-23,2.0,2009
Bahrain,2010-12-10,3.0,2010
Bahrain,2011-10-28,4.0,2011
Bahrain,2012-10-26,4.0,2012
Bahrain,2013-10-18,4.0,2013
Bahrain,2014-10-17,4.0,2014
Bahrain,2015-10-30,4.0,2015
Bahrain,2016-10-28,4.0,2016
Bahrain,2017-10-27,4.0,2017
Bahrain,2018-10-26,4.0,2018
Bahrain,2019-10-18,5.0,2019
Bahrain,2020-10-16,5.0,2020
Bahrain,2021-10-22,6.0,2021
Bahrain,2023-10-13,6.0,2023
Bahrain,2024-10-11,6.0,2024
Bahrain,2025-06-27,6.0,2025
Bangladesh,1999-10-14,5.0,1999
Bangladesh,2000-05-02,5.0,2000
Bangladesh,2002-10-25,6.0,2002
Bangladesh,2003-10-24,6.0,2003
Bangladesh,2004-10-22,6.0,2004
Bangladesh,2005-10-21,6.0,2005
Bangladesh,2006-10-20,6.0,2006
Bangladesh,2007-10-26,6.0,2007
Bangladesh,2008-10-24,6.0,2008
Bangladesh,2009-10-23,6.0,2009
Bangladesh,2010-12-10,6.0,2010
Bangladesh,2011-10-28,6.0,2011
Bangladesh,2012-10-26,6.0,2012
Bangladesh,2013-10-18,6.0,2013
Bangladesh,2014-10-17,6.0,2014
Bangladesh,2015-10-30,5.0,2015
Bangladesh,2016-10-28,5.0,2016
Bangladesh,2017-10-27,5.0,2017
Bangladesh,2018-10-26,5.0,2018
Bangladesh,2019-10-18,5.0,2019
Bangladesh,2020-10-16,5.0,2020
Bangladesh,2021-10-22,5.0,2021
Bangladesh,2023-10-13,5.0,2023
Bangladesh,2024-10-11,5.0,2024
Bangladesh,2025-06-27,6.0,2025
Belarus,1999-10-14,7.0,1999
Belarus,2000-05-02,7.0,2000
Belarus,2002-10-25,7.0,2002
Belarus,2003-10-24,7.0,2003
Belarus,2004-10-22,7.0,2004
Belarus,2005-10-21,7.0,2005
Belarus,2006-10-20,7.0,2006
Belarus,2007-10-26,7.0,2007
Belarus,2008-10-24,7.0,2008
Belarus,2009-10-23,7.0,2009
Belarus,2010-12-10,7.0,2010
Belarus,2011-10-28,7.0,2011
Belarus,2012-10-26,7.0,2012
Belarus,2013-10-18,7.0,2013
Belarus,2014-10-17,7.0,2014
Belarus,2015-10-30,7.0,2015
Belarus,2016-10-28,7.0,2016
Belarus,2017-10-27,7.0,2017
Belarus,2018-10-26,6.0,2018
Belarus,2019-10-18,6.0,2019
Belarus,2020-10-16,6.0,2020
Belarus,2021-10-22,6.0,2021
Belarus,2023-10-13,7.0,2023
Belarus,2024-10-11,7.0,2024
Belarus,2025-06-27,7.0,2025
Belgium,1999-10-14,0.0,1999
Belgium,2000-05-02,0.0,2000
Belgium,2002-10-25,0.0,2002
Belgium,2003-10-24,0.0,2003
Belgium,2004-10-22,0.0,2004
Belgium,2005-10-21,0.0,2005
Belgium,2006-10-20,0.0,2006
Belgium,2007-10-26,0.0,2007
Belgium,2008-10-24,0.0,2008
Belgium,2009-10-23,0.0,2009
Belgium,2010-12-10,0.0,2010
Belgium,2011-10-28,0.0,2011
Belgium,2012-10-26,0.0,2012
Belize,1999-10-14,5.0,1999
Belize,2000-05-02,5.0,2000
Belize,2002-10-25,6.0,2002
Belize,2003-10-24,6.0,2003
Belize,2004-10-22,6.0,2004
Belize,2005-10-21,7.0,2005
Belize,2006-10-20,7.0,2006
Belize,2007-10-26,7.0,2007
Belize,2008-10-24,6.0,2008
Belize,2009-10-23,6.0,2009
Belize,2010-12-10,6.0,2010
Belize,2011-10-28,6.0,2011
Belize,2012-10-26,6.0,2012
Belize,2016-10-28,7.0,2016
Belize,2017-10-27,7.0,2017
Benin,1999-10-14,6.0,1999
Benin,2000-05-02,6.0,2000
Benin,2002-10-25,7.0,2002
Benin,2003-10-24,7.0,2003
Benin,2004-10-22,7.0,2004
Benin,2005-10-21,7.0,2005
Benin,2006-10-20,7.0,2006
Benin,2007-10-26,6.0,2007
Benin,2008-10-24,6.0,2008
Benin,2009-10-23,6.0,2009
Benin,2010-12-10,6.0,2010
Benin,2011-10-28,6.0,2011
Benin,2012-10-26,6.0,2012
Benin,2013-10-18,6.0,2013
Benin,2015-06-26,7.0,2015
Benin,2021-10-22,6.0,2021
Benin,2024-10-11,6.0,2024
Benin,2025-06-27,6.0,2025
Bhutan,1999-10-14,6.0,1999
Bhutan,2000-01-24,6.0,2000
Bhutan,2013-10-18,6.0,2013
Bhutan,2014-10-17,6.0,2014
Bhutan,2015-10-30,6.0,2015
Bhutan,2016-10-28,6.0,2016
Bhutan,2017-10-27,6.0,2017
Bhutan,2018-10-26,6.0,2018
Bhutan,2019-10-18,6.0,2019
Bhutan,2020-10-16,6.0,2020
Bhutan,2021-10-22,6.0,2021
Bhutan,2023-10-13,6.0,2023
Bhutan,2024-10-11,6.0,2024
Bhutan,2025-06-27,6.0,2025
Bolivia,1999-10-14,6.0,1999
Bolivia,2000-05-02,7.0,2000
Bolivia,2002-10-25,7.0,2002
Bolivia,2003-10-24,7.0,2003
Bolivia,2004-10-22,7.0,2004
Bolivia,2005-10-21,7.0,2005
Bolivia,2006-10-20,7.0,2006
Bolivia,2007-10-26,7.0,2007
Bolivia,2008-10-24,7.0,2008
Bolivia,2009-10-23,7.0,2009
Bolivia,2010-12-10,6.0,2010
Bolivia,2011-10-28,6.0,2011
Bolivia,2012-10-26,6.0,2012
Bolivia,2013-10-18,6.0,2013
Bolivia,2014-10-17,5.0,2014
Bolivia,2015-10-30,5.0,2015
Bolivia,2016-10-28,5.0,2016
Bolivia,2017-10-27,5.0,2017
Bolivia,2018-10-26,5.0,2018
Bolivia,2019-10-18,5.0,2019
Bolivia,2020-10-16,5.0,2020
Bolivia,2021-10-22,6.0,2021
Bolivia,2023-10-13,7.0,2023
Bolivia,2024-10-11,7.0,2024
Bolivia,2025-06-27,7.0,2025
Bosnia and Herzegovina,1999-10-14,7.0,1999
Bosnia and Herzegovina,2000-05-02,7.0,2000
Bosnia and Herzegovina,2002-10-25,7.0,2002
Bosnia and Herzegovina,2003-10-24,7.0,2003
Bosnia and Herzegovina,2004-10-22,7.0,2004
Bosnia and Herzegovina,2005-10-21,7.0,2005
Bosnia and Herzegovina,2006-10-20,7.0,2006
Bosnia and Herzegovina,2007-10-26,7.0,2007
Bosnia and Herzegovina,2008-10-24,7.0,2008
Bosnia and Herzegovina,2009-10-23,7.0,2009
Bosnia and Herzegovina,2010-12-10,7.0,2010
Bosnia and Herzegovina,2011-10-28,7.0,2011
Bosnia and Herzegovina,2012-10-26,7.0,2012
Bosnia and Herzegovina,2013-10-18,7.0,2013
Bosnia and Herzegovina,2014-10-17,7.0,2014
Bosnia and Herzegovina,2015-10-30,7.0,2015
Bosnia and Herzegovina,2016-10-28,7.0,2016
Bosnia and Herzegovina,2017-10-27,7.0,2017
Bosnia and Herzegovina,2018-10-26,7.0,2018
Bosnia and Herzegovina,2019-10-18,7.0,2019
Bosnia and Herzegovina,2020-10-16,7.0,2020
Bosnia and Herzegovina,2021-10-22,7.0,2021
Bosnia and Herzegovina,2023-10-13,6.0,2023
Bosnia and Herzegovina,2024-10-11,6.0,2024
Bosnia and Herzegovina,2025-06-27,6.0,2025
Botswana,1999-10-14,2.0,1999
Botswana,2000-05-02,2.0,2000
Botswana,2002-10-25,2.0,2002
Botswana,2003-10-24,2.0,2003
Botswana,2004-10-22,2.0,2004
Botswana,2005-10-21,2.0,2005
Botswana,2006-10-20,2.0,2006
Botswana,2007-10-26,2.0,2007
Botswana,2008-10-24,2.0,2008
Botswana,2009-10-23,3.0,2009
Botswana,2010-12-10,3.0,2010
Botswana,2011-10-28,3.0,2011
Botswana,2012-10-26,2.0,2012
Botswana,2013-10-18,2.0,2013
Botswana,2014-10-17,2.0,2014
Botswana,2015-10-30,2.0,2015
Botswana,2016-10-28,2.0,2016
Botswana,2017-10-27,2.0,2017
Botswana,2018-10-26,2.0,2018
Botswana,2019-10-18,2.0,2019
Botswana,2020-10-16,3.0,2020
Botswana,2021-10-22,3.0,2021
Botswana,2023-10-13,3.0,2023
Botswana,2024-10-11,3.0,2024
Botswana,2025-06-27,3.0,2025
Brazil,1999-10-14,6.0,1999
Brazil,2000-05-02,6.0,2000
Brazil,2002-10-25,6.0,2002
Brazil,2003-10-24,6.0,2003
Brazil,2004-10-22,6.0,2004
Brazil,2005-10-21,5.0,2005
Brazil,2006-10-20,4.0,2006
Brazil,2007-10-26,3.0,2007
Brazil,2008-10-24,3.0,2008
Brazil,2009-10-23,3.0,2009
Brazil,2010-12-10,3.0,2010
Brazil,2011-10-28,3.0,2011
Brazil,2012-10-26,3.0,2012
Brazil,2013-10-18,3.0,2013
Brazil,2014-10-17,3.0,2014
Brazil,2015-10-30,4.0,2015
Brazil,2016-10-28,5.0,2016
Brazil,2017-10-27,5.0,2017
Brazil,2018-10-26,5.0,2018
Brazil,2019-10-18,5.0,2019
Brazil,2020-10-16,5.0,2020
Brazil,2021-10-22,5.0,2021
Brazil,2023-10-13,4.0,2023
Brazil,2024-10-11,4.0,2024
Brazil,2025-06-27,4.0,2025
Brunei Darussalam,1999-10-14,2.0,1999
Brunei Darussalam,2000-05-02,1.0,2000
Brunei Darussalam,2002-10-25,2.0,2002
Brunei Darussalam,2003-10-24,2.0,2003
Brunei Darussalam,2004-10-22,2.0,2004
Brunei Darussalam,2005-10-21,2.0,2005
Brunei Darussalam,2006-10-20,2.0,2006
Brunei Darussalam,2007-10-26,2.0,2007
Brunei Darussalam,2008-10-24,2.0,2008
Brunei Darussalam,2009-10-23,2.0,2009
Brunei Darussalam,2010-12-10,2.0,2010
Brunei Darussalam,2011-10-28,2.0,2011
Brunei Darussalam,2012-10-26,2.0,2012
Brunei Darussalam,2013-10-18,2.0,2013
Brunei Darussalam,2014-10-17,2.0,2014
Brunei Darussalam,2015-06-26,2.0,2015
Bulgaria,1999-10-14,6.0,1999
Bulgaria,2000-05-02,6.0,2000
Bulgaria,2002-10-25,5.0,2002
Bulgaria,2003-10-24,5.0,2003
Bulgaria,2004-10-22,4.0,2004
Bulgaria,2005-10-21,4.0,2005
Bulgaria,2006-10-20,4.0,2006
Bulgaria,2007-10-26,3.0,2007
Bulgaria,2008-10-24,3.0,2008
Bulgaria,2009-10-23,4.0,2009
Bulgaria,2010-12-10,4.0,2010
Bulgaria,2011-10-28,4.0,2011
Bulgaria,2012-10-26,4.0,2012
Bulgaria,2013-10-18,4.0,2013
Bulgaria,2014-10-17,4.0,2014
Bulgaria,2015-10-30,4.0,2015
Bulgaria,2016-10-28,4.0,2016
Bulgaria,2017-10-27,3.0,2017
Bulgaria,2018-10-26,3.0,2018
Bulgaria,2019-10-18,3.0,2019
Bulgaria,2020-10-16,3.0,2020
Bulgaria,2021-10-22,3.0,2021
Bulgaria,2023-10-13,3.0,2023
Bulgaria,2024-10-11,3.0,2024
Bulgaria,2025-06-27,2.0,2025
Burkina Faso,1999-10-14,7.0,1999
Burkina Faso,2000-05-02,7.0,2000
Burkina Faso,2002-10-25,7.0,2002
Burkina Faso,2003-10-24,7.0,2003
Burkina Faso,2004-10-22,7.0,2004
Burkina Faso,2005-10-21,7.0,2005
Burkina Faso,2006-10-20,7.0,2006
Burkina Faso,2007-10-26,7.0,2007
Burkina Faso,2008-10-24,7.0,2008
Burkina Faso,2009-10-23,7.0,2009
Burkina Faso,2010-12-10,7.0,2010
Burkina Faso,2011-10-28,7.0,2011
Burkina Faso,2012-10-26,7.0,2012
Burkina Faso,2013-10-18,7.0,2013
Burkina Faso,2015-06-26,7.0,2015
Burkina Faso,2021-10-22,7.0,2021
Burkina Faso,2024-10-11,7.0,2024
Burkina Faso,2025-06-27,7.0,2025
Burundi,2007-10-26,7.0,2007
Burundi,2008-10-24,7.0,2008
Burundi,2009-10-23,7.0,2009
Burundi,2010-12-10,7.0,2010
Burundi,2011-10-28,7.0,2011
Burundi,2012-10-26,7.0,2012
Burundi,2013-10-18,7.0,2013
Burundi,2014-10-17,7.0,2014
Burundi,2015-10-30,7.0,2015
Burundi,2016-10-28,7.0,2016
Burundi,2017-10-27,7.0,2017
Burundi,2018-10-26,7.0,2018
Burundi,2019-10-18,7.0,2019
Burundi,2020-10-16,7.0,2020
Burundi,2021-10-22,7.0,2021
Burundi,2023-10-13,7.0,2023
Burundi,2024-10-11,7.0,2024
Burundi,2025-06-27,7.0,2025
Cabo Verde,1999-10-14,6.0,1999
Cabo Verde,2000-05-02,6.0,2000
Cabo Verde,2002-10-25,7.0,2002
Cabo Verde,2003-10-24,7.0,2003
Cabo Verde,2004-10-22,7.0,2004
Cabo Verde,2005-10-21,7.0,2005
Cabo Verde,2006-10-20,6.0,2006
Cabo Verde,2007-10-26,6.0,2007
Cabo Verde,2008-10-24,5.0,2008
Cabo Verde,2009-10-23,5.0,2009
Cabo Verde,2010-12-10,6.0,2010
Cabo Verde,2011-10-28,5.0,2011
Cabo Verde,2012-10-26,6.0,2012
Cabo Verde,2013-10-18,6.0,2013
Cabo Verde,2014-10-17,6.0,2014
Cabo Verde,2015-10-30,6.0,2015
Cabo Verde,2016-10-28,6.0,2016
Cabo Verde,2017-10-27,6.0,2017
Cabo Verde,2018-10-26,6.0,2018
Cabo Verde,2019-10-18,6.0,2019
Cabo Verde,2020-10-16,6.0,2020
Cabo Verde,2021-10-22,6.0,2021
Cabo Verde,2023-10-13,6.0,2023
Cabo Verde,2024-10-11,5.0,2024
Cabo Verde,2025-06-27,5.0,2025
Cambodia,2007-10-26,7.0,2007
Cambodia,2008-10-24,6.0,2008
Cambodia,2009-10-23,6.0,2009
Cambodia,2010-12-10,6.0,2010
Cambodia,2011-10-28,6.0,2011
Cambodia,2012-10-26,6.0,2012
Cambodia,2013-10-18,6.0,2013
Cambodia,2014-10-17,6.0,2014
Cambodia,2015-10-30,6.0,2015
Cambodia,2016-10-28,6.0,2016
Cambodia,2017-10-27,6.0,2017
Cambodia,2018-10-26,6.0,2018
Cambodia,2019-10-18,6.0,2019
Cambodia,2020-10-16,6.0,2020
Cambodia,2021-10-22,6.0,2021
Cambodia,2023-10-13,6.0,2023
Cambodia,2024-10-11,6.0,2024
Cambodia,2025-06-27,6.0,2025
Cameroon,1999-10-14,7.0,1999
Cameroon,2000-05-02,7.0,2000
Cameroon,2002-10-25,7.0,2002
Cameroon,2003-10-24,7.0,2003
Cameroon,2004-10-22,7.0,2004
Cameroon,2005-10-21,7.0,2005
Cameroon,2006-10-20,7.0,2006
Cameroon,2007-10-26,7.0,2007
Cameroon,2008-10-24,6.0,2008
Cameroon,2009-10-23,6.0,2009
Cameroon,2010-12-10,6.0,2010
Cameroon,2011-10-28,6.0,2011
Cameroon,2012-10-26,6.0,2012
Cameroon,2013-10-18,6.0,2013
Cameroon,2015-06-26,6.0,2015
Cameroon,2021-10-22,6.0,2021
Cameroon,2024-10-11,6.0,2024
Cameroon,2025-06-27,6.0,2025
Canada,1999-10-14,0.0,1999
Canada,2000-05-02,0.0,2000
Canada,2002-10-25,0.0,2002
Canada,2003-10-24,0.0,2003
Canada,2004-10-22,0.0,2004
Canada,2005-10-21,0.0,2005
Canada,2006-10-20,0.0,2006
Canada,2007-10-26,0.0,2007
Canada,2008-10-24,0.0,2008
Canada,2009-10-23,0.0,2009
Canada,2010-12-10,0.0,2010
Canada,2011-10-28,0.0,2011
Canada,2012-10-26,0.0,2012
Central African Republic,1999-10-14,7.0,1999
Central African Republic,2000-05-02,7.0,2000
Central African Republic,2002-10-25,7.0,2002
Central African Republic,2003-10-24,7.0,2003
Central African Republic,2004-10-22,7.0,2004
Central African Republic,2005-10-21,7.0,2005
Central African Republic,2006-10-20,7.0,2006
Central African Republic,2007-10-26,7.0,2007
Central African Republic,2008-10-24,7.0,2008
Central African Republic,2009-10-23,7.0,2009
Central African Republic,2010-12-10,7.0,2010
Central African Republic,2011-10-28,7.0,2011
Central African Republic,2012-10-26,7.0,2012
Central African Republic,2013-10-18,7.0,2013
Central African Republic,2015-06-26,7.0,2015
Central African Republic,2021-10-22,7.0,2021
Central African Republic,2024-10-11,7.0,2024
Central African Republic,2025-06-27,7.0,2025
Chad,1999-10-14,7.0,1999
Chad,2000-05-02,7.0,2000
Chad,2002-10-25,7.0,2002
Chad,2003-10-24,7.0,2003
Chad,2004-10-22,7.0,2004
Chad,2005-10-21,7.0,2005
Chad,2006-10-20,7.0,2006
Chad,2007-10-26,7.0,2007
Chad,2008-10-24,7.0,2008
Chad,2009-10-23,7.0,2009
Chad,2010-12-10,7.0,2010
Chad,2011-10-28,7.0,2011
Chad,2012-10-26,7.0,2012
Chad,2013-10-18,7.0,2013
Chad,2015-06-26,7.0,2015
Chad,2021-10-22,7.0,2021
Chad,2024-10-11,7.0,2024
Chad,2025-06-27,7.0,2025
Chile,1999-10-14,2.0,1999
Chile,2000-05-02,2.0,2000
Chile,2002-10-25,2.0,2002
Chile,2003-10-24,2.0,2003
Chile,2004-10-22,2.0,2004
Chile,2005-10-21,2.0,2005
Chile,2006-10-20,2.0,2006
Chile,2007-10-26,2.0,2007
Chile,2008-10-24,2.0,2008
Chile,2009-10-23,2.0,2009
Chile,2010-12-10,2.0,2010
Chile,2011-10-28,2.0,2011
Chile,2012-10-26,2.0,2012
China (People’s Republic of),1999-10-14,2.0,1999
China (People’s Republic of),2000-05-02,2.0,2000
China (People’s Republic of),2002-10-25,2.0,2002
China (People’s Republic of),2003-10-24,2.0,2003
China (People’s Republic of),2004-10-22,2.0,2004
China (People’s Republic of),2005-10-21,2.0,2005
China (People’s Republic of),2006-10-20,2.0,2006
China (People’s Republic of),2007-10-26,2.0,2007
China (People’s Republic of),2008-10-24,2.0,2008
China (People’s Republic of),2009-10-23,2.0,2009
China (People’s Republic of),2010-12-10,2.0,2010
China (People’s Republic of),2011-10-28,2.0,2011
China (People’s Republic of),2012-10-26,2.0,2012
China (People’s Republic of),2013-10-18,2.0,2013
China (People’s Republic of),2014-10-17,2.0,2014
China (People’s Republic of),2015-10-30,2.0,2015
China (People’s Republic of),2016-10-28,2.0,2016
China (People’s Republic of),2017-10-27,2.0,2017
China (People’s Republic of),2018-10-26,2.0,2018
China (People’s Republic of),2019-10-18,2.0,2019
China (People’s Republic of),2020-10-16,2.0,2020
China (People’s Republic of),2021-10-22,2.0,2021
China (People’s Republic of),2023-10-13,2.0,2023
China (People’s Republic of),2024-10-11,2.0,2024
China (People’s Republic of),2025-06-27,2.0,2025
Chinese Taipei,1999-10-14,1.0,1999
Chinese Taipei,2000-01-24,1.0,2000
Colombia,1999-10-14,4.0,1999
Congo,1999-10-14,7.0,1999
Congo,2000-01-24,7.0,2000
Costa Rica,1999-03-19,5.0,1999
Costa Rica,2000-01-24,4.0,2000
Croatia,1999-10-14,5.0,1999
Croatia,2000-01-24,5.0,2000
Cuba,1999-10-14,7.0,1999
Cuba,2000-01-24,7.0,2000
Cyprus,1999-10-14,3.0,1999
Czechia,1999-10-14,2.0,1999
Czechia,2000-01-24,2.0,2000
Côte d’Ivoire,1999-10-14,7.0,1999
Côte d’Ivoire,2000-01-24,7.0,2000
Democratic People's Republic of Korea,1999-10-14,7.0,1999
Democratic People's Republic of Korea,2000-01-24,7.0,2000
Democratic Republic of the Congo,1999-10-14,7.0,1999
Democratic Republic of the Congo,2000-01-24,7.0,2000
Denmark,1999-10-14,0.0,1999
Denmark,2000-01-24,0.0,2000
Dominican Republic,1999-10-14,5.0,1999
Dominican Republic,2000-01-24,5.0,2000
Ecuador,1999-03-19,6.0,1999
Ecuador,2000-01-24,7.0,2000
Egypt,1999-10-14,4.0,1999
Egypt,2000-01-24,4.0,2000
El Salvador,1999-10-14,4.0,1999
El Salvador,2000-01-24,4.0,2000
Estonia,1999-10-14,3.0,1999
Estonia,2000-01-24,3.0,2000
Ethiopia,1999-10-14,7.0,1999
Ethiopia,2000-01-24,7.0,2000
Finland,1999-10-14,0.0,1999
Finland,2000-01-24,0.0,2000
France,1999-10-14,0.0,1999
France,2000-01-24,0.0,2000
Gabon,1999-10-14,6.0,1999
Gabon,2000-01-24,6.0,2000
Gambia,1999-10-14,7.0,1999
Gambia,2000-01-24,7.0,2000
Georgia,1999-10-14,7.0,1999
Georgia,2000-01-24,7.0,2000
Germany,1999-10-14,0.0,1999
Germany,2000-01-24,0.0,2000
Ghana,1999-06-17,6.0,1999
Greece,1999-10-14,0.0,1999
Greece,2000-01-24,0.0,2000
Guatemala,1999-10-14,6.0,1999
Guatemala,2000-01-24,6.0,2000
Guinea,1999-10-14,7.0,1999
Guinea,2000-01-24,7.0,2000
Guinea-Bissau,1999-10-14,7.0,1999
Guinea-Bissau,2000-01-24,7.0,2000
Guyana,1999-10-14,7.0,1999
Guyana,2000-01-24,7.0,2000
Honduras,1999-03-19,6.0,1999
Honduras,2000-01-24,7.0,2000
Hong Kong (China),1999-10-14,2.0,1999
Hong Kong (China),2000-01-24,2.0,2000
Hungary,1999-10-14,3.0,1999
Iceland,1999-10-14,0.0,1999
Iceland,2000-01-24,0.0,2000
India,1999-10-14,3.0,1999
India,2000-01-24,3.0,2000
Indonesia,1999-10-14,6.0,1999
Indonesia,2000-01-24,6.0,2000
Iran,1999-10-14,6.0,1999
Iran,2000-01-24,6.0,2000
Iraq,1999-10-14,7.0,1999
Iraq,2000-01-24,7.0,2000
Ireland,1999-10-14,0.0,1999
Ireland,2000-01-24,0.0,2000
Israel,1999-10-14,3.0,1999
Israel,2000-01-24,3.0,2000
Italy,1999-10-14,0.0,1999
Italy,2000-01-24,0.0,2000
Jamaica,1999-10-14,5.0,1999
Jamaica,2000-01-24,5.0,2000
Japan,1999-10-14,0.0,1999
Japan,2000-01-24,0.0,2000
Jordan,1999-06-17,5.0,1999
Kazakhstan,1999-10-14,7.0,1999
Kazakhstan,2000-01-24,7.0,2000
Kenya,1999-10-14,6.0,1999
Kenya,2000-01-24,6.0,2000
Korea,1999-10-14,0.0,1999
Korea,2000-01-24,0.0,2000
Kuwait,1999-10-14,3.0,1999
Kuwait,2000-01-24,3.0,2000
Kyrgyzstan,1999-10-14,7.0,1999
Kyrgyzstan,2000-01-24,7.0,2000
Latvia,1999-10-14,4.0,1999
Latvia,2000-01-24,4.0,2000
Lebanon,1999-10-14,5.0,1999
Lebanon,2000-01-24,5.0,2000
Lesotho,1999-10-14,5.0,1999
Lesotho,2000-01-24,5.0,2000
Liberia,1999-10-14,7.0,1999
Liberia,2000-01-24,7.0,2000
Libya,1999-10-14,7.0,1999
Libya,2000-01-24,7.0,2000
Lithuania,1999-10-14,5.0,1999
Lithuania,2000-01-24,5.0,2000
Luxembourg,1999-10-14,0.0,1999
Luxembourg,2000-01-24,0.0,2000
Macau (China),1999-10-14,2.0,1999
Macau (China),2000-01-24,2.0,2000
Madagascar,1999-10-14,7.0,1999
Madagascar,2000-05-02,7.0,2000
Madagascar,2002-10-25,7.0,2002
Madagascar,2003-10-24,7.0,2003
Madagascar,2004-10-22,7.0,2004
Madagascar,2005-10-21,7.0,2005
Madagascar,2006-10-20,7.0,2006
Madagascar,2007-10-26,7.0,2007
Madagascar,2008-10-24,6.0,2008
Madagascar,2009-10-23,6.0,2009
Madagascar,2010-12-10,6.0,2010
Madagascar,2011-10-28,7.0,2011
Madagascar,2012-10-26,7.0,2012
Madagascar,2013-10-18,7.0,2013
Madagascar,2014-10-17,7.0,2014
Madagascar,2015-10-30,7.0,2015
Madagascar,2016-10-28,7.0,2016
Madagascar,2017-10-27,7.0,2017
Madagascar,2018-10-26,7.0,2018
Madagascar,2019-10-18,7.0,2019
Madagascar,2020-10-16,7.0,2020
Madagascar,2021-10-22,7.0,2021
Madagascar,2023-10-13,7.0,2023
Madagascar,2024-10-11,7.0,2024
Madagascar,2025-06-27,7.0,2025
Malawi,1999-10-14,7.0,1999
Malawi,2000-05-02,7.0,2000
Malawi,2002-10-25,7.0,2002
Malawi,2003-10-24,7.0,2003
Malawi,2004-10-22,7.0,2004
Malawi,2005-10-21,7.0,2005
Malawi,2006-10-20,7.0,2006
Malawi,2007-10-26,7.0,2007
Malawi,2008-10-24,7.0,2008
Malawi,2009-10-23,7.0,2009
Malawi,2010-12-10,7.0,2010
Malawi,2011-10-28,7.0,2011
Malawi,2012-10-26,7.0,2012
Malawi,2013-10-18,7.0,2013
Malawi,2014-10-17,7.0,2014
Malawi,2015-10-30,7.0,2015
Malawi,2016-10-28,7.0,2016
Malawi,2017-10-27,7.0,2017
Malawi,2018-10-26,7.0,2018
Malawi,2019-10-18,7.0,2019
Malawi,2020-10-16,7.0,2020
Malawi,2021-10-22,7.0,2021
Malawi,2023-10-13,7.0,2023
Malawi,2024-10-11,7.0,2024
Malawi,2025-06-27,7.0,2025
Malaysia,1999-10-14,3.0,1999
Malaysia,2000-05-02,2.0,2000
Malaysia,2002-10-25,2.0,2002
Malaysia,2003-10-24,2.0,2003
Malaysia,2004-10-22,2.0,2004
Malaysia,2005-10-21,2.0,2005
Malaysia,2006-10-20,2.0,2006
Malaysia,2007-10-26,2.0,2007
Malaysia,2008-10-24,2.0,2008
Malaysia,2009-10-23,2.0,2009
Malaysia,2010-12-10,2.0,2010
Malaysia,2011-10-28,2.0,2011
Malaysia,2012-10-26,2.0,2012
Malaysia,2013-10-18,2.0,2013
Malaysia,2014-10-17,2.0,2014
Malaysia,2015-10-30,2.0,2015
Malaysia,2016-10-28,2.0,2016
Malaysia,2017-10-27,2.0,2017
Malaysia,2018-10-26,2.0,2018
Malaysia,2019-10-18,2.0,2019
Malaysia,2020-10-16,2.0,2020
Malaysia,2021-10-22,2.0,2021
Malaysia,2023-10-13,2.0,2023
Malaysia,2024-10-11,2.0,2024
Malaysia,2025-06-27,2.0,2025
Maldives,1999-10-14,5.0,1999
Maldives,2000-05-02,5.0,2000
Maldives,2002-10-25,5.0,2002
Maldives,2003-10-24,5.0,2003
Maldives,2004-10-22,5.0,2004
Maldives,2005-10-21,5.0,2005
Maldives,2006-10-20,5.0,2006
Maldives,2007-10-26,5.0,2007
Maldives,2008-10-24,6.0,2008
Maldives,2009-10-23,7.0,2009
Maldives,2010-12-10,7.0,2010
Maldives,2011-10-28,7.0,2011
Maldives,2012-10-26,7.0,2012
Maldives,2013-10-18,7.0,2013
Maldives,2014-10-17,7.0,2014
Maldives,2015-10-30,6.0,2015
Maldives,2016-10-28,6.0,2016
Maldives,2017-10-27,6.0,2017
Maldives,2018-10-26,6.0,2018
Maldives,2019-10-18,6.0,2019
Maldives,2020-10-16,7.0,2020
Maldives,2021-10-22,7.0,2021
Maldives,2023-10-13,7.0,2023
Maldives,2024-10-11,7.0,2024
Maldives,2025-06-27,7.0,2025
Mali,1999-10-14,7.0,1999
Mali,2000-05-02,7.0,2000
Mali,2002-10-25,7.0,2002
Mali,2003-10-24,7.0,2003
Mali,2004-10-22,6.0,2004
Mali,2005-10-21,6.0,2005
Mali,2006-10-20,6.0,2006
Mali,2007-10-26,6.0,2007
Mali,2008-10-24,6.0,2008
Mali,2009-10-23,6.0,2009
Mali,2010-12-10,6.0,2010
Mali,2011-10-28,6.0,2011
Mali,2012-10-26,7.0,2012
Mali,2013-10-18,7.0,2013
Mali,2015-06-26,7.0,2015
Mali,2021-10-22,7.0,2021
Mali,2024-10-11,7.0,2024
Mali,2025-06-27,7.0,2025
Malta,1999-10-14,3.0,1999
Malta,2000-05-02,3.0,2000
Malta,2002-10-25,3.0,2002
Malta,2003-10-24,3.0,2003
Malta,2004-10-22,3.0,2004
Malta,2005-10-21,2.0,2005
Malta,2006-10-20,2.0,2006
Malta,2007-10-26,2.0,2007
Malta,2008-10-24,0.0,2008
Malta,2009-10-23,0.0,2009
Malta,2010-12-10,0.0,2010
Malta,2011-10-28,0.0,2011
Malta,2012-10-26,0.0,2012
Mauritania,1999-10-14,7.0,1999
Mauritania,2000-05-02,7.0,2000
Mauritania,2002-10-25,7.0,2002
Mauritania,2003-10-24,7.0,2003
Mauritania,2004-10-22,7.0,2004
Mauritania,2005-10-21,7.0,2005
Mauritania,2006-10-20,7.0,2006
Mauritania,2007-10-26,7.0,2007
Mauritania,2008-10-24,7.0,2008
Mauritania,2009-10-23,7.0,2009
Mauritania,2010-12-10,7.0,2010
Mauritania,2011-10-28,7.0,2011
Mauritania,2012-10-26,7.0,2012
Mauritania,2013-10-18,7.0,2013
Mauritania,2014-10-17,7.0,2014
Mauritania,2015-10-30,7.0,2015
Mauritania,2016-10-28,7.0,2016
Mauritania,2017-10-27,7.0,2017
Mauritania,2018-10-26,7.0,2018
Mauritania,2019-10-18,7.0,2019
Mauritania,2020-10-16,7.0,2020
Mauritania,2021-10-22,7.0,2021
Mauritania,2023-10-13,7.0,2023
Mauritania,2024-10-11,7.0,2024
Mauritania,2025-06-27,7.0,2025
Mauritius,1999-10-14,3.0,1999
Mauritius,2000-05-02,3.0,2000
Mauritius,2002-10-25,3.0,2002
Mauritius,2003-10-24,3.0,2003
Mauritius,2004-10-22,3.0,2004
Mauritius,2005-10-21,3.0,2005
Mauritius,2006-10-20,3.0,2006
Mauritius,2007-10-26,3.0,2007
Mauritius,2008-10-24,3.0,2008
Mauritius,2009-10-23,3.0,2009
Mauritius,2010-12-10,3.0,2010
Mauritius,2011-10-28,3.0,2011
Mauritius,2012-10-26,3.0,2012
Mauritius,2013-10-18,3.0,2013
Mauritius,2014-10-17,3.0,2014
Mauritius,2015-10-30,3.0,2015
Mauritius,2016-10-28,3.0,2016
Mauritius,2017-10-27,3.0,2017
Mauritius,2018-10-26,3.0,2018
Mauritius,2019-10-18,3.0,2019
Mauritius,2020-10-16,3.0,2020
Mauritius,2021-10-22,3.0,2021
Mauritius,2023-10-13,3.0,2023
Mauritius,2024-10-11,3.0,2024
Mauritius,2025-06-27,3.0,2025
Mexico,1999-10-14,4.0,1999
Mexico,2000-05-02,3.0,2000
Mexico,2002-10-25,3.0,2002
Mexico,2003-10-24,3.0,2003
Mexico,2004-10-22,3.0,2004
Mexico,2005-10-21,2.0,2005
Mexico,2006-10-20,2.0,2006
Mexico,2007-10-26,2.0,2007
Mexico,2008-10-24,2.0,2008
Mexico,2009-10-23,3.0,2009
Mexico,2010-12-10,3.0,2010
Mexico,2011-10-28,3.0,2011
Mexico,2012-10-26,3.0,2012
Mexico,2013-10-18,3.0,2013
Mexico,2014-10-17,3.0,2014
Mexico,2015-10-30,3.0,2015
Mexico,2016-10-28,3.0,2016
Mexico,2017-10-27,3.0,2017
Mexico,2018-10-26,3.0,2018
Mexico,2019-10-18,3.0,2019
Mexico,2020-10-16,3.0,2020
Mexico,2021-10-22,3.0,2021
Mexico,2023-10-13,3.0,2023
Mexico,2024-10-11,3.0,2024
Mexico,2025-06-27,3.0,2025
Moldova,1999-10-14,7.0,1999
Moldova,2000-05-02,7.0,2000
Moldova,2002-10-25,7.0,2002
Moldova,2003-10-24,7.0,2003
Moldova,2004-10-22,7.0,2004
Moldova,2005-10-21,7.0,2005
Moldova,2006-10-20,7.0,2006
Moldova,2007-10-26,7.0,2007
Moldova,2008-10-24,7.0,2008
Moldova,2009-10-23,7.0,2009
Moldova,2010-12-10,7.0,2010
Moldova,2011-10-28,7.0,2011
Moldova,2012-10-26,7.0,2012
Moldova,2013-10-18,7.0,2013
Moldova,2014-10-17,7.0,2014
Moldova,2015-10-30,7.0,2015
Moldova,2016-10-28,7.0,2016
Moldova,2017-10-27,7.0,2017
Moldova,2018-10-26,7.0,2018
Moldova,2019-10-18,7.0,2019
Moldova,2020-10-16,7.0,2020
Moldova,2021-10-22,7.0,2021
Moldova,2023-10-13,7.0,2023
Moldova,2024-10-11,7.0,2024
Moldova,2025-06-27,7.0,2025
Mongolia,1999-10-14,7.0,1999
Mongolia,2000-05-02,7.0,2000
Mongolia,2002-10-25,7.0,2002
Mongolia,2003-10-24,7.0,2003
Mongolia,2004-10-22,7.0,2004
Mongolia,2005-10-21,7.0,2005
Mongolia,2006-10-20,7.0,2006
Mongolia,2007-10-26,7.0,2007
Mongolia,2008-10-24,6.0,2008
Mongolia,2009-10-23,6.0,2009
Mongolia,2010-12-10,6.0,2010
Mongolia,2011-10-28,5.0,2011
Mongolia,2012-10-26,5.0,2012
Mongolia,2013-10-18,5.0,2013
Mongolia,2014-10-17,6.0,2014
Mongolia,2015-10-30,6.0,2015
Mongolia,2016-10-28,6.0,2016
Mongolia,2017-10-27,6.0,2017
Mongolia,2018-10-26,6.0,2018
Mongolia,2019-10-18,6.0,2019
Mongolia,2020-10-16,7.0,2020
Mongolia,2021-10-22,7.0,2021
Mongolia,2023-10-13,7.0,2023
Mongolia,2024-10-11,7.0,2024
Mongolia,2025-06-27,6.0,2025
Montenegro,2008-10-24,6.0,2008
Montenegro,2009-10-23,6.0,2009
Montenegro,2010-12-10,6.0,2010
Montenegro,2011-10-28,6.0,2011
Montenegro,2012-10-26,6.0,2012
Montenegro,2013-10-18,6.0,2013
Montenegro,2014-10-17,6.0,2014
Montenegro,2015-10-30,7.0,2015
Montenegro,2016-10-28,7.0,2016
Montenegro,2017-10-27,7.0,2017
Montenegro,2018-10-26,7.0,2018
Montenegro,2019-10-18,7.0,2019
Montenegro,2020-10-16,7.0,2020
Montenegro,2021-10-22,7.0,2021
Montenegro,2023-10-13,7.0,2023
Montenegro,2024-10-11,6.0,2024
Montenegro,2025-06-27,6.0,2025
Morocco,1999-10-14,4.0,1999
Morocco,2000-05-02,4.0,2000
Morocco,2002-10-25,4.0,2002
Morocco,2003-10-24,4.0,2003
Morocco,2004-10-22,4.0,2004
Morocco,2005-10-21,4.0,2005
Morocco,2006-10-20,3.0,2006
Morocco,2007-10-26,3.0,2007
Morocco,2008-10-24,3.0,2008
Morocco,2009-10-23,3.0,2009
Morocco,2010-12-10,3.0,2010
Morocco,2011-10-28,3.0,2011
Morocco,2012-10-26,3.0,2012
Morocco,2013-10-18,3.0,2013
Morocco,2014-10-17,3.0,2014
Morocco,2015-10-30,3.0,2015
Morocco,2016-10-28,3.0,2016
Morocco,2017-10-27,3.0,2017
Morocco,2018-10-26,3.0,2018
Morocco,2019-10-18,3.0,2019
Morocco,2020-10-16,3.0,2020
Morocco,2021-10-22,3.0,2021
Morocco,2023-10-13,3.0,2023
Morocco,2024-10-11,3.0,2024
Morocco,2025-06-27,3.0,2025
Mozambique,1999-10-14,7.0,1999
Mozambique,2000-05-02,7.0,2000
Mozambique,2002-10-25,7.0,2002
Mozambique,2003-10-24,7.0,2003
Mozambique,2004-10-22,7.0,2004
Mozambique,2005-10-21,7.0,2005
Mozambique,2006-10-20,7.0,2006
Mozambique,2007-10-26,6.0,2007
Mozambique,2008-10-24,6.0,2008
Mozambique,2009-10-23,6.0,2009
Mozambique,2010-12-10,6.0,2010
Mozambique,2011-10-28,6.0,2011
Mozambique,2012-10-26,6.0,2012
Mozambique,2013-10-18,6.0,2013
Mozambique,2014-10-17,6.0,2014
Mozambique,2015-10-30,7.0,2015
Mozambique,2016-10-28,7.0,2016
Mozambique,2017-10-27,7.0,2017
Mozambique,2018-10-26,7.0,2018
Mozambique,2019-10-18,7.0,2019
Mozambique,2020-10-16,7.0,2020
Mozambique,2021-10-22,7.0,2021
Mozambique,2023-10-13,7.0,2023
Mozambique,2024-10-11,7.0,2024
Mozambique,2025-06-27,7.0,2025
Myanmar,1999-10-14,7.0,1999
Myanmar,2000-05-02,7.0,2000
Myanmar,2002-10-25,7.0,2002
Myanmar,2003-10-24,7.0,2003
Myanmar,2004-10-22,7.0,2004
Myanmar,2005-10-21,7.0,2005
Myanmar,2006-10-20,7.0,2006
Myanmar,2007-10-26,7.0,2007
Myanmar,2008-10-24,7.0,2008
Myanmar,2009-10-23,7.0,2009
Myanmar,2010-12-10,7.0,2010
Myanmar,2011-10-28,7.0,2011
Myanmar,2012-10-26,7.0,2012
Myanmar,2013-10-18,7.0,2013
Myanmar,2014-10-17,7.0,2014
Myanmar,2015-10-30,7.0,2015
Myanmar,2016-10-28,7.0,2016
Myanmar,2017-10-27,6.0,2017
Myanmar,2018-10-26,6.0,2018
Myanmar,2019-10-18,6.0,2019
Myanmar,2020-10-16,6.0,2020
Myanmar,2021-10-22,7.0,2021
Myanmar,2023-10-13,7.0,2023
Myanmar,2024-10-11,7.0,2024
Myanmar,2025-06-27,7.0,2025
Namibia,2005-10-21,4.0,2005
Namibia,2006-10-20,3.0,2006
Namibia,2007-10-26,3.0,2007
Namibia,2008-10-24,3.0,2008
Namibia,2009-10-23,3.0,2009
Namibia,2010-12-10,3.0,2010
Namibia,2011-10-28,3.0,2011
Namibia,2012-10-26,3.0,2012
Namibia,2013-10-18,3.0,2013
Namibia,2014-10-17,3.0,2014
Namibia,2015-10-30,3.0,2015
Namibia,2016-10-28,4.0,2016
Namibia,2017-10-27,4.0,2017
Namibia,2018-10-26,4.0,2018
Namibia,2019-10-18,5.0,2019
Namibia,2020-10-16,6.0,2020
Namibia,2021-10-22,6.0,2021
Namibia,2023-10-13,6.0,2023
Namibia,2024-10-11,6.0,2024
Namibia,2025-06-27,6.0,2025
Nepal,1999-10-14,6.0,1999
Nepal,2000-05-02,6.0,2000
Nepal,2002-10-25,7.0,2002
Nepal,2003-10-24,7.0,2003
Nepal,2004-10-22,7.0,2004
Nepal,2005-10-21,7.0,2005
Nepal,2006-10-20,7.0,2006
Nepal,2007-10-26,7.0,2007
Nepal,2008-10-24,7.0,2008
Nepal,2009-10-23,7.0,2009
Nepal,2010-12-10,7.0,2010
Nepal,2011-10-28,7.0,2011
Nepal,2012-10-26,7.0,2012
Nepal,2013-10-18,7.0,2013
Nepal,2014-10-17,6.0,2014
Nepal,2015-10-30,6.0,2015
Nepal,2016-10-28,6.0,2016
Nepal,2017-10-27,6.0,2017
Nepal,2018-10-26,6.0,2018
Nepal,2019-10-18,6.0,2019
Nepal,2020-10-16,6.0,2020
Nepal,2021-10-22,6.0,2021
Nepal,2023-10-13,6.0,2023
Nepal,2024-10-11,6.0,2024
Nepal,2025-06-27,6.0,2025
Netherlands,1999-10-14,0.0,1999
Netherlands,2000-05-02,0.0,2000
Netherlands,2002-10-25,0.0,2002
Netherlands,2003-10-24,0.0,2003
Netherlands,2004-10-22,0.0,2004
Netherlands,2005-10-21,0.0,2005
Netherlands,2006-10-20,0.0,2006
Netherlands,2007-10-26,0.0,2007
Netherlands,2008-10-24,0.0,2008
Netherlands,2009-10-23,0.0,2009
Netherlands,2010-12-10,0.0,2010
Netherlands,2011-10-28,0.0,2011
Netherlands,2012-10-26,0.0,2012
New Zealand,1999-10-14,0.0,1999
New Zealand,2000-05-02,0.0,2000
New Zealand,2002-10-25,0.0,2002
New Zealand,2003-10-24,0.0,2003
New Zealand,2004-10-22,0.0,2004
New Zealand,2005-10-21,0.0,2005
New Zealand,2006-10-20,0.0,2006
New Zealand,2007-10-26,0.0,2007
New Zealand,2008-10-24,0.0,2008
New Zealand,2009-10-23,0.0,2009
New Zealand,2010-12-10,0.0,2010
New Zealand,2011-10-28,0.0,2011
New Zealand,2012-10-26,0.0,2012
Nicaragua,1999-10-14,7.0,1999
Nicaragua,2000-05-02,7.0,2000
Nicaragua,2002-10-25,7.0,2002
Nicaragua,2003-10-24,7.0,2003
Nicaragua,2004-10-22,7.0,2004
Nicaragua,2005-10-21,7.0,2005
Nicaragua,2006-10-20,7.0,2006
Nicaragua,2007-10-26,7.0,2007
Nicaragua,2008-10-24,7.0,2008
Nicaragua,2009-10-23,7.0,2009
Nicaragua,2010-12-10,7.0,2010
Nicaragua,2011-10-28,7.0,2011
Nicaragua,2012-10-26,7.0,2012
Nicaragua,2013-10-18,7.0,2013
Nicaragua,2014-10-17,7.0,2014
Nicaragua,2015-10-30,7.0,2015
Nicaragua,2016-10-28,7.0,2016
Nicaragua,2017-10-27,6.0,2017
Nicaragua,2018-10-26,7.0,2018
Nicaragua,2019-10-18,7.0,2019
Nicaragua,2020-10-16,7.0,2020
Nicaragua,2021-10-22,7.0,2021
Nicaragua,2023-10-13,7.0,2023
Nicaragua,2024-10-11,7.0,2024
Nicaragua,2025-06-27,7.0,2025
Niger,1999-10-14,7.0,1999
Niger,2000-05-02,7.0,2000
Niger,2002-10-25,7.0,2002
Niger,2003-10-24,7.0,2003
Niger,2004-10-22,7.0,2004
Niger,2005-10-21,7.0,2005
Niger,2006-10-20,7.0,2006
Niger,2007-10-26,7.0,2007
Niger,2008-10-24,7.0,2008
Niger,2009-10-23,7.0,2009
Niger,2010-12-10,7.0,2010
Niger,2011-10-28,7.0,2011
Niger,2012-10-26,7.0,2012
Niger,2013-10-18,7.0,2013
Niger,2015-06-26,7.0,2015
Niger,2021-10-22,7.0,2021
Niger,2024-10-11,7.0,2024
Niger,2025-06-27,7.0,2025
Nigeria,1999-10-14,7.0,1999
Nigeria,2000-05-02,7.0,2000
Nigeria,2002-10-25,7.0,2002
Nigeria,2003-10-24,7.0,2003
Nigeria,2004-10-22,7.0,2004
Nigeria,2005-10-21,7.0,2005
Nigeria,2006-10-20,7.0,2006
Nigeria,2007-10-26,6.0,2007
Nigeria,2008-10-24,6.0,2008
Nigeria,2009-10-23,6.0,2009
Nigeria,2010-12-10,5.0,2010
Nigeria,2011-10-28,5.0,2011
Nigeria,2012-10-26,5.0,2012
Nigeria,2013-10-18,5.0,2013
Nigeria,2014-10-17,5.0,2014
Nigeria,2015-10-30,5.0,2015
Nigeria,2016-10-28,6.0,2016
Nigeria,2017-10-27,6.0,2017
Nigeria,2018-10-26,6.0,2018
Nigeria,2019-10-18,6.0,2019
Nigeria,2020-10-16,6.0,2020
Nigeria,2021-10-22,6.0,2021
Nigeria,2023-10-13,6.0,2023
Nigeria,2024-10-11,6.0,2024
Nigeria,2025-06-27,6.0,2025
Northern Macedonia,1999-10-14,7.0,1999
Northern Macedonia,2000-05-02,7.0,2000
Northern Macedonia,2002-10-25,7.0,2002
Northern Macedonia,2003-10-24,7.0,2003
Northern Macedonia,2004-10-22,7.0,2004
Northern Macedonia,2005-10-21,7.0,2005
Northern Macedonia,2006-10-20,6.0,2006
Northern Macedonia,2007-10-26,5.0,2007
Northern Macedonia,2008-10-24,5.0,2008
Northern Macedonia,2009-10-23,5.0,2009
Northern Macedonia,2010-12-10,5.0,2010
Northern Macedonia,2011-10-28,5.0,2011
Northern Macedonia,2012-10-26,5.0,2012
Northern Macedonia,2013-10-18,5.0,2013
Northern Macedonia,2014-10-17,5.0,2014
Northern Macedonia,2015-10-30,5.0,2015
Northern Macedonia,2016-10-28,5.0,2016
Northern Macedonia,2017-10-27,5.0,2017
Northern Macedonia,2018-10-26,5.0,2018
Northern Macedonia,2019-10-18,5.0,2019
Northern Macedonia,2020-10-16,5.0,2020
Northern Macedonia,2021-10-22,5.0,2021
Northern Macedonia,2023-10-13,5.0,2023
Northern Macedonia,2024-10-11,5.0,2024
Northern Macedonia,2025-06-27,5.0,2025
Norway,1999-10-14,0.0,1999
Norway,2000-05-02,0.0,2000
Norway,2002-10-25,0.0,2002
Norway,2003-10-24,0.0,2003
Norway,2004-10-22,0.0,2004
Norway,2005-10-21,0.0,2005
Norway,2006-10-20,0.0,2006
Norway,2007-10-26,0.0,2007
Norway,2008-10-24,0.0,2008
Norway,2009-10-23,0.0,2009
Norway,2010-12-10,0.0,2010
Norway,2011-10-28,0.0,2011
Norway,2012-10-26,0.0,2012
Oman,1999-10-14,4.0,1999
Oman,2000-05-02,4.0,2000
Oman,2002-10-25,3.0,2002
Oman,2003-10-24,3.0,2003
Oman,2004-10-22,2.0,2004
Oman,2005-10-21,2.0,2005
Oman,2006-10-20,2.0,2006
Oman,2007-10-26,2.0,2007
Oman,2008-10-24,2.0,2008
Oman,2009-10-23,2.0,2009
Oman,2010-12-10,2.0,2010
Oman,2011-10-28,2.0,2011
Oman,2012-10-26,2.0,2012
Oman,2013-10-18,2.0,2013
Oman,2014-10-17,2.0,2014
Oman,2015-10-30,2.0,2015
Oman,2016-10-28,3.0,2016
Oman,2017-10-27,3.0,2017
Oman,2018-10-26,4.0,2018
Oman,2019-10-18,4.0,2019
Oman,2020-10-16,5.0,2020
Oman,2021-10-22,6.0,2021
Oman,2023-10-13,5.0,2023
Oman,2024-10-11,4.0,2024
Oman,2025-06-27,4.0,2025
Pakistan,1999-10-14,7.0,1999
Pakistan,2000-05-02,7.0,2000
Pakistan,2002-10-25,7.0,2002
Pakistan,2003-10-24,7.0,2003
Pakistan,2004-10-22,6.0,2004
Pakistan,2005-10-21,6.0,2005
Pakistan,2006-10-20,6.0,2006
Pakistan,2007-10-26,6.0,2007
Pakistan,2008-10-24,6.0,2008
Pakistan,2009-10-23,7.0,2009
Pakistan,2010-12-10,7.0,2010
Pakistan,2011-10-28,7.0,2011
Pakistan,2012-10-26,7.0,2012
Pakistan,2013-10-18,7.0,2013
Pakistan,2014-10-17,7.0,2014
Pakistan,2015-10-30,7.0,2015
Pakistan,2016-10-28,7.0,2016
Pakistan,2017-10-27,7.0,2017
Pakistan,2018-10-26,7.0,2018
Pakistan,2019-10-18,7.0,2019
Pakistan,2020-10-16,7.0,2020
Pakistan,2021-10-22,7.0,2021
Pakistan,2023-10-13,7.0,2023
Pakistan,2024-10-11,7.0,2024
Pakistan,2025-06-27,7.0,2025
Panama,1999-10-14,4.0,1999
Panama,2000-05-02,4.0,2000
Panama,2002-10-25,4.0,2002
Panama,2003-10-24,4.0,2003
Panama,2004-10-22,4.0,2004
Panama,2005-10-21,4.0,2005
Panama,2006-10-20,4.0,2006
Panama,2007-10-26,3.0,2007
Panama,2008-10-24,3.0,2008
Panama,2009-10-23,3.0,2009
Panama,2010-12-10,3.0,2010
Panama,2011-10-28,3.0,2011
Panama,2012-10-26,3.0,2012
Panama,2013-10-18,3.0,2013
Panama,2015-06-26,3.0,2015
Panama,2021-10-22,4.0,2021
Panama,2024-10-11,4.0,2024
Panama,2025-06-27,4.0,2025
Papua New Guinea,1999-10-14,5.0,1999
Papua New Guinea,2000-05-02,5.0,2000
Papua New Guinea,2002-10-25,5.0,2002
Papua New Guinea,2003-10-24,6.0,2003
Papua New Guinea,2004-10-22,6.0,2004
Papua New Guinea,2005-10-21,6.0,2005
Papua New Guinea,2006-10-20,5.0,2006
Papua New Guinea,2007-10-26,5.0,2007
Papua New Guinea,2008-10-24,5.0,2008
Papua New Guinea,2009-10-23,5.0,2009
Papua New Guinea,2010-12-10,5.0,2010
Papua New Guinea,2011-10-28,5.0,2011
Papua New Guinea,2012-10-26,5.0,2012
Papua New Guinea,2013-10-18,5.0,2013
Papua New Guinea,2014-10-17,5.0,2014
Papua New Guinea,2015-10-30,5.0,2015
Papua New Guinea,2016-10-28,6.0,2016
Papua New Guinea,2017-10-27,6.0,2017
Papua New Guinea,2018-10-26,6.0,2018
Papua New Guinea,2019-10-18,6.0,2019
Papua New Guinea,2020-10-16,6.0,2020
Papua New Guinea,2021-10-22,6.0,2021
Papua New Guinea,2023-10-13,6.0,2023
Papua New Guinea,2024-10-11,6.0,2024
Papua New Guinea,2025-06-27,6.0,2025
Paraguay,1999-10-14,5.0,1999
Paraguay,2000-05-02,6.0,2000
Paraguay,2002-10-25,6.0,2002
Paraguay,2003-10-24,7.0,2003
Paraguay,2004-10-22,7.0,2004
Paraguay,2005-10-21,6.0,2005
Paraguay,2006-10-20,6.0,2006
Paraguay,2007-10-26,6.0,2007
Paraguay,2008-10-24,5.0,2008
Paraguay,2009-10-23,5.0,2009
Paraguay,2010-12-10,5.0,2010
Paraguay,2011-10-28,5.0,2011
Paraguay,2012-10-26,5.0,2012
Paraguay,2013-10-18,5.0,2013
Paraguay,2014-10-17,5.0,2014
Paraguay,2015-10-30,5.0,2015
Paraguay,2016-10-28,5.0,2016
Paraguay,2017-10-27,5.0,2017
Paraguay,2018-10-26,5.0,2018
Paraguay,2019-10-18,5.0,2019
Paraguay,2020-10-16,5.0,2020
Paraguay,2021-10-22,5.0,2021
Paraguay,2023-10-13,5.0,2023
Paraguay,2024-10-11,4.0,2024
Paraguay,2025-06-27,4.0,2025
Peru,1999-10-14,5.0,1999
Peru,2000-05-02,5.0,2000
Peru,2002-10-25,5.0,2002
Peru,2003-10-24,5.0,2003
Peru,2004-10-22,5.0,2004
Peru,2005-10-21,4.0,2005
Peru,2006-10-20,4.0,2006
Peru,2007-10-26,4.0,2007
Peru,2008-10-24,3.0,2008
Peru,2009-10-23,3.0,2009
Peru,2010-12-10,3.0,2010
Peru,2011-10-28,3.0,2011
Peru,2012-10-26,3.0,2012
Peru,2013-10-18,3.0,2013
Peru,2014-10-17,3.0,2014
Peru,2015-10-30,3.0,2015
Peru,2016-10-28,3.0,2016
Peru,2017-10-27,3.0,2017
Peru,2018-10-26,3.0,2018
Peru,2019-10-18,3.0,2019
Peru,2020-10-16,3.0,2020
Peru,2021-10-22,3.0,2021
Peru,2023-10-13,3.0,2023
Peru,2024-10-11,3.0,2024
Peru,2025-06-27,3.0,2025
Philippines,1999-10-14,3.0,1999
Philippines,2000-05-02,3.0,2000
Philippines,2002-10-25,4.0,2002
Philippines,2003-10-24,5.0,2003
Philippines,2004-10-22,5.0,2004
Philippines,2005-10-21,5.0,2005
Philippines,2006-10-20,5.0,2006
Philippines,2007-10-26,5.0,2007
Philippines,2008-10-24,4.0,2008
Philippines,2009-10-23,4.0,2009
Philippines,2010-12-10,4.0,2010
Philippines,2011-10-28,4.0,2011
Philippines,2012-10-26,4.0,2012
Philippines,2013-10-18,3.0,2013
Philippines,2014-10-17,3.0,2014
Philippines,2015-10-30,3.0,2015
Philippines,2016-10-28,3.0,2016
Philippines,2017-10-27,3.0,2017
Philippines,2018-10-26,3.0,2018
Philippines,2019-10-18,3.0,2019
Philippines,2020-10-16,3.0,2020
Philippines,2021-10-22,3.0,2021
Philippines,2023-10-13,3.0,2023
Philippines,2024-10-11,3.0,2024
Philippines,2025-06-27,3.0,2025
Poland,1999-10-14,3.0,1999
Portugal,1999-10-14,0.0,1999
Portugal,2000-01-24,0.0,2000
Qatar,1999-10-14,4.0,1999
Qatar,2000-01-24,4.0,2000
Romania,1999-10-14,6.0,1999
Romania,2000-01-24,6.0,2000
Russia,1999-10-14,7.0,1999
Russia,2000-01-24,7.0,2000
Rwanda,1999-10-14,7.0,1999
Rwanda,2000-01-24,7.0,2000
Saint Vincent and the Grenadines,1999-03-19,6.0,1999
Saint Vincent and the Grenadines,2000-01-24,7.0,2000
Saudi Arabia,1999-10-14,3.0,1999
Saudi Arabia,2000-01-24,3.0,2000
Senegal,1999-10-14,6.0,1999
Senegal,2000-01-24,6.0,2000
Serbia,1999-10-14,7.0,1999
Serbia,2000-01-24,7.0,2000
Seychelles,1999-03-19,6.0,1999
Seychelles,2000-01-24,7.0,2000
Singapore,1999-10-14,0.0,1999
Singapore,2000-01-24,0.0,2000
Slovak Republic,1999-10-14,4.0,1999
Slovak Republic,2000-01-24,4.0,2000
Slovenia,1999-10-14,2.0,1999
Slovenia,2000-01-24,2.0,2000
Somalia,1999-10-14,7.0,1999
Somalia,2000-01-24,7.0,2000
South Africa,1999-10-14,3.0,1999
South Africa,2000-01-24,3.0,2000
Spain,1999-10-14,0.0,1999
Spain,2000-01-24,0.0,2000
Sri Lanka,1999-10-14,5.0,1999
Sri Lanka,2000-01-24,5.0,2000
Sudan,1999-10-14,7.0,1999
Sudan,2000-01-24,7.0,2000
Sweden,1999-10-14,0.0,1999
Sweden,2000-01-24,0.0,2000
Switzerland,1999-10-14,0.0,1999
Switzerland,2000-01-24,0.0,2000
Syrian Arab Republic,1999-10-14,7.0,1999
Syrian Arab Republic,2000-01-24,7.0,2000
Tajikistan,1999-10-14,7.0,1999
Tajikistan,2000-01-24,7.0,2000
Tanzania,1999-10-14,7.0,1999
Tanzania,2000-01-24,7.0,2000
Thailand,1999-10-14,4.0,1999
Thailand,2000-01-24,4.0,2000
Timor-Leste,2013-10-18,6.0,2013
Timor-Leste,2014-10-17,6.0,2014
Timor-Leste,2015-10-30,6.0,2015
Timor-Leste,2016-10-28,6.0,2016
Timor-Leste,2017-10-27,6.0,2017
Timor-Leste,2018-10-26,6.0,2018
Timor-Leste,2019-10-18,6.0,2019
Timor-Leste,2020-10-16,6.0,2020
Timor-Leste,2021-10-22,6.0,2021
Timor-Leste,2023-10-13,6.0,2023
Timor-Leste,2024-10-11,6.0,2024
Timor-Leste,2025-06-27,6.0,2025
Togo,1999-10-14,7.0,1999
Togo,2000-05-02,7.0,2000
Togo,2002-10-25,7.0,2002
Togo,2003-10-24,7.0,2003
Togo,2004-10-22,7.0,2004
Togo,2005-10-21,7.0,2005
Togo,2006-10-20,7.0,2006
Togo,2007-10-26,7.0,2007
Togo,2008-10-24,7.0,2008
Togo,2009-10-23,7.0,2009
Togo,2010-12-10,7.0,2010
Togo,2011-10-28,7.0,2011
Togo,2012-10-26,7.0,2012
Togo,2013-10-18,7.0,2013
Togo,2015-06-26,7.0,2015
Togo,2021-10-22,6.0,2021
Togo,2024-10-11,6.0,2024
Togo,2025-06-27,6.0,2025
Trinidad and Tobago,1999-10-14,3.0,1999
Trinidad and Tobago,2000-05-02,2.0,2000
Trinidad and Tobago,2002-10-25,2.0,2002
Trinidad and Tobago,2003-10-24,2.0,2003
Trinidad and Tobago,2004-10-22,2.0,2004
Trinidad and Tobago,2005-10-21,2.0,2005
Trinidad and Tobago,2006-10-20,2.0,2006
Trinidad and Tobago,2007-10-26,2.0,2007
Trinidad and Tobago,2008-10-24,2.0,2008
Trinidad and Tobago,2009-10-23,2.0,2009
Trinidad and Tobago,2010-12-10,2.0,2010
Trinidad and Tobago,2011-10-28,2.0,2011
Trinidad and Tobago,2012-10-26,2.0,2012
Trinidad and Tobago,2013-10-18,2.0,2013
Trinidad and Tobago,2014-10-17,2.0,2014
Trinidad and Tobago,2015-10-30,2.0,2015
Trinidad and Tobago,2016-10-28,3.0,2016
Trinidad and Tobago,2017-10-27,3.0,2017
Trinidad and Tobago,2018-10-26,3.0,2018
Trinidad and Tobago,2019-10-18,3.0,2019
Trinidad and Tobago,2020-10-16,3.0,2020
Trinidad and Tobago,2021-10-22,3.0,2021
Trinidad and Tobago,2023-10-13,3.0,2023
Trinidad and Tobago,2024-10-11,3.0,2024
Trinidad and Tobago,2025-06-27,3.0,2025
Tunisia,1999-10-14,3.0,1999
Tunisia,2000-05-02,3.0,2000
Tunisia,2002-10-25,3.0,2002
Tunisia,2003-10-24,3.0,2003
Tunisia,2004-10-22,3.0,2004
Tunisia,2005-10-21,3.0,2005
Tunisia,2006-10-20,3.0,2006
Tunisia,2007-10-26,3.0,2007
Tunisia,2008-10-24,3.0,2008
Tunisia,2009-10-23,3.0,2009
Tunisia,2010-12-10,3.0,2010
Tunisia,2011-10-28,3.0,2011
Tunisia,2012-10-26,3.0,2012
Tunisia,2013-10-18,4.0,2013
Tunisia,2014-10-17,4.0,2014
Tunisia,2015-10-30,4.0,2015
Tunisia,2016-10-28,4.0,2016
Tunisia,2017-10-27,5.0,2017
Tunisia,2018-10-26,5.0,2018
Tunisia,2019-10-18,5.0,2019
Tunisia,2020-10-16,6.0,2020
Tunisia,2021-10-22,6.0,2021
Tunisia,2023-10-13,7.0,2023
Tunisia,2024-10-11,7.0,2024
Tunisia,2025-06-27,7.0,2025
Turkmenistan,1999-10-14,7.0,1999
Turkmenistan,2000-05-02,7.0,2000
Turkmenistan,2002-10-25,7.0,2002
Turkmenistan,2003-10-24,7.0,2003
Turkmenistan,2004-10-22,7.0,2004
Turkmenistan,2005-10-21,7.0,2005
Turkmenistan,2006-10-20,7.0,2006
Turkmenistan,2007-10-26,7.0,2007
Turkmenistan,2008-10-24,6.0,2008
Turkmenistan,2009-10-23,6.0,2009
Turkmenistan,2010-12-10,6.0,2010
Turkmenistan,2011-10-28,6.0,2011
Turkmenistan,2012-10-26,6.0,2012
Turkmenistan,2013-10-18,6.0,2013
Turkmenistan,2014-10-17,6.0,2014
Turkmenistan,2015-10-30,6.0,2015
Turkmenistan,2016-10-28,6.0,2016
Turkmenistan,2017-10-27,6.0,2017
Turkmenistan,2018-10-26,6.0,2018
Turkmenistan,2019-10-18,6.0,2019
Turkmenistan,2020-10-16,7.0,2020
Turkmenistan,2021-10-22,7.0,2021
Turkmenistan,2023-10-13,7.0,2023
Turkmenistan,2024-10-11,7.0,2024
Turkmenistan,2025-06-27,7.0,2025
Türkiye,1999-10-14,5.0,1999
Türkiye,2000-05-02,5.0,2000
Türkiye,2002-10-25,6.0,2002
Türkiye,2003-10-24,6.0,2003
Türkiye,2004-10-22,5.0,2004
Türkiye,2005-10-21,5.0,2005
Türkiye,2006-10-20,5.0,2006
Türkiye,2007-10-26,5.0,2007
Türkiye,2008-10-24,4.0,2008
Türkiye,2009-10-23,4.0,2009
Türkiye,2010-12-10,4.0,2010
Türkiye,2011-10-28,4.0,2011
Türkiye,2012-10-26,4.0,2012
Türkiye,2013-10-18,4.0,2013
Türkiye,2014-10-17,4.0,2014
Türkiye,2015-10-30,4.0,2015
Türkiye,2016-10-28,4.0,2016
Türkiye,2017-10-27,4.0,2017
Türkiye,2018-10-26,5.0,2018
Türkiye,2019-10-18,5.0,2019
Türkiye,2020-10-16,5.0,2020
Türkiye,2021-10-22,5.0,2021
Türkiye,2023-10-13,5.0,2023
Türkiye,2024-10-11,5.0,2024
Türkiye,2025-06-27,5.0,2025
Uganda,1999-10-14,7.0,1999
Uganda,2000-05-02,7.0,2000
Uganda,2002-10-25,7.0,2002
Uganda,2003-10-24,7.0,2003
Uganda,2004-10-22,7.0,2004
Uganda,2005-10-21,7.0,2005
Uganda,2006-10-20,7.0,2006
Uganda,2007-10-26,6.0,2007
Uganda,2008-10-24,6.0,2008
Uganda,2009-10-23,6.0,2009
Uganda,2010-12-10,6.0,2010
Uganda,2011-10-28,6.0,2011
Uganda,2012-10-26,6.0,2012
Uganda,2013-10-18,6.0,2013
Uganda,2014-10-17,6.0,2014
Uganda,2015-10-30,6.0,2015
Uganda,2016-10-28,6.0,2016
Uganda,2017-10-27,6.0,2017
Uganda,2018-10-26,6.0,2018
Uganda,2019-10-18,6.0,2019
Uganda,2020-10-16,6.0,2020
Uganda,2021-10-22,6.0,2021
Uganda,2023-10-13,6.0,2023
Uganda,2024-10-11,6.0,2024
Uganda,2025-06-27,6.0,2025
Ukraine,1999-10-14,7.0,1999
Ukraine,2000-05-02,7.0,2000
Ukraine,2002-10-25,7.0,2002
Ukraine,2003-10-24,7.0,2003
Ukraine,2004-10-22,6.0,2004
Ukraine,2005-10-21,6.0,2005
Ukraine,2006-10-20,6.0,2006
Ukraine,2007-10-26,5.0,2007
Ukraine,2008-10-24,5.0,2008
Ukraine,2009-10-23,7.0,2009
Ukraine,2010-12-10,7.0,2010
Ukraine,2011-10-28,7.0,2011
Ukraine,2012-10-26,7.0,2012
Ukraine,2013-10-18,7.0,2013
Ukraine,2014-10-17,7.0,2014
Ukraine,2015-10-30,7.0,2015
Ukraine,2016-10-28,7.0,2016
Ukraine,2017-10-27,7.0,2017
Ukraine,2018-10-26,7.0,2018
Ukraine,2019-10-18,7.0,2019
Ukraine,2020-10-16,6.0,2020
Ukraine,2021-10-22,6.0,2021
Ukraine,2023-10-13,7.0,2023
Ukraine,2024-10-11,7.0,2024
Ukraine,2025-06-27,7.0,2025
United Arab Emirates,1999-10-14,2.0,1999
United Arab Emirates,2000-05-02,2.0,2000
United Arab Emirates,2002-10-25,2.0,2002
United Arab Emirates,2003-10-24,2.0,2003
United Arab Emirates,2004-10-22,2.0,2004
United Arab Emirates,2005-10-21,2.0,2005
United Arab Emirates,2006-10-20,2.0,2006
United Arab Emirates,2007-10-26,2.0,2007
United Arab Emirates,2008-10-24,2.0,2008
United Arab Emirates,2009-10-23,2.0,2009
United Arab Emirates,2010-12-10,3.0,2010
United Arab Emirates,2011-10-28,3.0,2011
United Arab Emirates,2012-10-26,3.0,2012
United Arab Emirates,2013-10-18,2.0,2013
United Arab Emirates,2014-10-17,2.0,2014
United Arab Emirates,2015-10-30,2.0,2015
United Arab Emirates,2016-10-28,2.0,2016
United Arab Emirates,2017-10-27,2.0,2017
United Arab Emirates,2018-10-26,2.0,2018
United Arab Emirates,2019-10-18,2.0,2019
United Arab Emirates,2020-10-16,2.0,2020
United Arab Emirates,2021-10-22,2.0,2021
United Arab Emirates,2023-10-13,2.0,2023
United Arab Emirates,2024-10-11,2.0,2024
United Arab Emirates,2025-06-27,2.0,2025
United Kingdom,1999-10-14,0.0,1999
United Kingdom,2000-05-02,0.0,2000
United Kingdom,2002-10-25,0.0,2002
United Kingdom,2003-10-24,0.0,2003
United Kingdom,2004-10-22,0.0,2004
United Kingdom,2005-10-21,0.0,2005
United Kingdom,2006-10-20,0.0,2006
United Kingdom,2007-10-26,0.0,2007
United Kingdom,2008-10-24,0.0,2008
United Kingdom,2009-10-23,0.0,2009
United Kingdom,2010-12-10,0.0,2010
United Kingdom,2011-10-28,0.0,2011
United Kingdom,2012-10-26,0.0,2012
United States,1999-10-14,0.0,1999
United States,2000-05-02,0.0,2000
United States,2002-10-25,0.0,2002
United States,2003-10-24,0.0,2003
United States,2004-10-22,0.0,2004
United States,2005-10-21,0.0,2005
United States,2006-10-20,0.0,2006
United States,2007-10-26,0.0,2007
United States,2008-10-24,0.0,2008
United States,2009-10-23,0.0,2009
United States,2010-12-10,0.0,2010
United States,2011-10-28,0.0,2011
United States,2012-10-26,0.0,2012
Uruguay,1999-10-14,4.0,1999
Uruguay,2000-05-02,3.0,2000
Uruguay,2002-10-25,6.0,2002
Uruguay,2003-10-24,6.0,2003
Uruguay,2004-10-22,6.0,2004
Uruguay,2005-10-21,6.0,2005
Uruguay,2006-10-20,5.0,2006
Uruguay,2007-10-26,4.0,2007
Uruguay,2008-10-24,4.0,2008
Uruguay,2009-10-23,4.0,2009
Uruguay,2010-12-10,4.0,2010
Uruguay,2011-10-28,3.0,2011
Uruguay,2012-10-26,3.0,2012
Uruguay,2013-10-18,3.0,2013
Uruguay,2014-10-17,3.0,2014
Uruguay,2015-10-30,3.0,2015
Uruguay,2016-10-28,3.0,2016
Uruguay,2017-10-27,3.0,2017
Uruguay,2018-10-26,3.0,2018
Uruguay,2019-10-18,3.0,2019
Uruguay,2020-10-16,3.0,2020
Uruguay,2021-10-22,3.0,2021
Uruguay,2023-10-13,3.0,2023
Uruguay,2024-10-11,3.0,2024
Uruguay,2025-06-27,3.0,2025
Uzbekistan,1999-10-14,7.0,1999
Uzbekistan,2000-05-02,7.0,2000
Uzbekistan,2002-10-25,7.0,2002
Uzbekistan,2003-10-24,7.0,2003
Uzbekistan,2004-10-22,7.0,2004
Uzbekistan,2005-10-21,7.0,2005
Uzbekistan,2006-10-20,7.0,2006
Uzbekistan,2007-10-26,7.0,2007
Uzbekistan,2008-10-24,6.0,2008
Uzbekistan,2009-10-23,6.0,2009
Uzbekistan,2010-12-10,6.0,2010
Uzbekistan,2011-10-28,6.0,2011
Uzbekistan,2012-10-26,6.0,2012
Uzbekistan,2013-10-18,6.0,2013
Uzbekistan,2014-10-17,6.0,2014
Uzbekistan,2015-10-30,6.0,2015
Uzbekistan,2016-10-28,6.0,2016
Uzbekistan,2017-10-27,6.0,2017
Uzbekistan,2018-10-26,6.0,2018
Uzbekistan,2019-10-18,5.0,2019
Uzbekistan,2020-10-16,5.0,2020
Uzbekistan,2021-10-22,5.0,2021
Uzbekistan,2023-10-13,5.0,2023
Uzbekistan,2024-10-11,5.0,2024
Uzbekistan,2025-06-27,5.0,2025
Venezuela,1999-10-14,5.0,1999
Venezuela,2000-05-02,5.0,2000
Venezuela,2002-10-25,6.0,2002
Venezuela,2003-10-24,7.0,2003
Venezuela,2004-10-22,6.0,2004
Venezuela,2005-10-21,6.0,2005
Venezuela,2006-10-20,6.0,2006
Venezuela,2007-10-26,6.0,2007
Venezuela,2008-10-24,6.0,2008
Venezuela,2009-10-23,7.0,2009
Venezuela,2010-12-10,7.0,2010
Venezuela,2011-10-28,7.0,2011
Venezuela,2012-10-26,7.0,2012
Venezuela,2013-10-18,7.0,2013
Venezuela,2014-10-17,7.0,2014
Venezuela,2015-10-30,7.0,2015
Venezuela,2016-10-28,7.0,2016
Venezuela,2017-10-27,7.0,2017
Venezuela,2018-10-26,7.0,2018
Venezuela,2019-10-18,7.0,2019
Venezuela,2020-10-16,7.0,2020
Venezuela,2021-10-22,7.0,2021
Venezuela,2023-10-13,7.0,2023
Venezuela,2024-10-11,7.0,2024
Venezuela,2025-06-27,7.0,2025
Viet Nam,1999-10-14,6.0,1999
Viet Nam,2000-05-02,6.0,2000
Viet Nam,2002-10-25,5.0,2002
Viet Nam,2003-10-24,5.0,2003
Viet Nam,2004-10-22,5.0,2004
Viet Nam,2005-10-21,5.0,2005
Viet Nam,2006-10-20,5.0,2006
Viet Nam,2007-10-26,4.0,2007
Viet Nam,2008-10-24,4.0,2008
Viet Nam,2009-10-23,5.0,2009
Viet Nam,2010-12-10,5.0,2010
Viet Nam,2011-10-28,5.0,2011
Viet Nam,2012-10-26,5.0,2012
Viet Nam,2013-10-18,5.0,2013
Viet Nam,2014-10-17,5.0,2014
Viet Nam,2015-10-30,5.0,2015
Viet Nam,2016-10-28,5.0,2016
Viet Nam,2017-10-27,5.0,2017
Viet Nam,2018-10-26,5.0,2018
Viet Nam,2019-10-18,4.0,2019
Viet Nam,2020-10-16,4.0,2020
Viet Nam,2021-10-22,4.0,2021
Viet Nam,2023-10-13,4.0,2023
Viet Nam,2024-10-11,4.0,2024
Viet Nam,2025-06-27,4.0,2025
West Bank and Gaza,2013-10-18,7.0,2013
West Bank and Gaza,2014-10-17,7.0,2014
West Bank and Gaza,2015-10-30,7.0,2015
West Bank and Gaza,2016-10-28,7.0,2016
West Bank and Gaza,2017-10-27,7.0,2017
West Bank and Gaza,2018-10-26,7.0,2018
West Bank and Gaza,2019-10-18,7.0,2019
West Bank and Gaza,2020-10-16,7.0,2020
West Bank and Gaza,2021-10-22,7.0,2021
West Bank and Gaza,2023-10-13,7.0,2023
West Bank and Gaza,2024-10-11,7.0,2024
West Bank and Gaza,2025-06-27,7.0,2025
Yemen,1999-10-14,7.0,1999
Yemen,2000-05-02,7.0,2000
Yemen,2002-10-25,6.0,2002
Yemen,2003-10-24,6.0,2003
Yemen,2004-10-22,6.0,2004
Yemen,2005-10-21,6.0,2005
Yemen,2006-10-20,6.0,2006
Yemen,2007-10-26,6.0,2007
Yemen,2008-10-24,6.0,2008
Yemen,2009-10-23,6.0,2009
Yemen,2010-12-10,7.0,2010
Yemen,2011-10-28,7.0,2011
Yemen,2012-10-26,7.0,2012
Yemen,2013-10-18,7.0,2013
Yemen,2014-10-17,7.0,2014
Yemen,2015-10-30,7.0,2015
Yemen,2016-10-28,7.0,2016
Yemen,2017-10-27,7.0,2017
Yemen,2018-10-26,7.0,2018
Yemen,2019-10-18,7.0,2019
Yemen,2020-10-16,7.0,2020
Yemen,2021-10-22,7.0,2021
Yemen,2023-10-13,7.0,2023
Yemen,2024-10-11,7.0,2024
Yemen,2025-06-27,7.0,2025
Zambia,1999-10-14,7.0,1999
Zambia,2000-05-02,7.0,2000
Zambia,2002-10-25,7.0,2002
Zambia,2003-10-24,7.0,2003
Zambia,2004-10-22,7.0,2004
Zambia,2005-10-21,7.0,2005
Zambia,2006-10-20,7.0,2006
Zambia,2007-10-26,6.0,2007
Zambia,2008-10-24,6.0,2008
Zambia,2009-10-23,6.0,2009
Zambia,2010-12-10,6.0,2010
Zambia,2011-10-28,6.0,2011
Zambia,2012-10-26,6.0,2012
Zambia,2013-10-18,5.0,2013
Zambia,2014-10-17,5.0,2014
Zambia,2015-10-30,5.0,2015
Zambia,2016-10-28,6.0,2016
Zambia,2017-10-27,6.0,2017
Zambia,2018-10-26,6.0,2018
Zambia,2019-10-18,7.0,2019
Zambia,2020-10-16,7.0,2020
Zambia,2021-10-22,7.0,2021
Zambia,2023-10-13,7.0,2023
Zambia,2024-10-11,7.0,2024
Zambia,2025-06-27,7.0,2025
Zimbabwe,1999-10-14,6.0,1999
Zimbabwe,2000-05-02,7.0,2000
Zimbabwe,2002-10-25,7.0,2002
Zimbabwe,2003-10-24,7.0,2003
Zimbabwe,2004-10-22,7.0,2004
Zimbabwe,2005-10-21,7.0,2005
Zimbabwe,2006-10-20,7.0,2006
Zimbabwe,2007-10-26,7.0,2007
Zimbabwe,2008-10-24,7.0,2008
Zimbabwe,2009-10-23,7.0,2009
Zimbabwe,2010-12-10,7.0,2010
Zimbabwe,2011-10-28,7.0,2011
Zimbabwe,2012-10-26,7.0,2012
Zimbabwe,2013-10-18,7.0,2013
Zimbabwe,2014-10-17,7.0,2014
Zimbabwe,2015-10-30,7.0,2015
Zimbabwe,2016-10-28,7.0,2016
Zimbabwe,2017-10-27,7.0,2017
Zimbabwe,2018-10-26,7.0,2018
Zimbabwe,2019-10-18,7.0,2019
Zimbabwe,2020-10-16,7.0,2020
Zimbabwe,2021-10-22,7.0,2021
Zimbabwe,2023-10-13,7.0,2023
Zimbabwe,2024-10-11,7.0,2024
Zimbabwe,2025-06-27,7.0,2025
