SORA Publication Date,Compound SORA - 3 month
4.Oct.05,1.9026
5.Oct.05,1.9062
6.Oct.05,1.909
7.Oct.05,1.912
10.Oct.05,1.9225
11.Oct.05,1.9264
12.Oct.05,1.9318
13.Oct.05,1.9379
14.Oct.05,1.9439
17.Oct.05,1.9592
18.Oct.05,1.964
19.Oct.05,1.9682
20.Oct.05,1.9723
21.Oct.05,1.9761
24.Oct.05,1.9861
25.Oct.05,1.9898
26.Oct.05,1.9942
27.Oct.05,1.9994
28.Oct.05,2.0049
31.Oct.05,2.0231
2.Nov.05,2.0404
4.Nov.05,2.0565
7.Nov.05,2.0825
8.Nov.05,2.0914
9.Nov.05,2.1003
10.Nov.05,2.1098
11.Nov.05,2.1194
14.Nov.05,2.1537
15.Nov.05,2.1644
16.Nov.05,2.1747
17.Nov.05,2.1839
18.Nov.05,2.1941
21.Nov.05,2.2246
22.Nov.05,2.2356
23.Nov.05,2.2465
24.Nov.05,2.2534
25.Nov.05,2.2643
28.Nov.05,2.2962
29.Nov.05,2.3067
30.Nov.05,2.3158
1.Dec.05,2.3302
2.Dec.05,2.3409
5.Dec.05,2.368
6.Dec.05,2.376
7.Dec.05,2.3822
8.Dec.05,2.386
9.Dec.05,2.3937
12.Dec.05,2.4212
13.Dec.05,2.4291
14.Dec.05,2.4346
15.Dec.05,2.4424
16.Dec.05,2.4564
19.Dec.05,2.496
20.Dec.05,2.5081
21.Dec.05,2.5157
22.Dec.05,2.5208
23.Dec.05,2.5268
27.Dec.05,2.5509
28.Dec.05,2.5562
29.Dec.05,2.5639
30.Dec.05,2.5711
3.Jan.06,2.6352
4.Jan.06,2.647
5.Jan.06,2.663
6.Jan.06,2.679
9.Jan.06,2.7112
11.Jan.06,2.7283
12.Jan.06,2.7379
13.Jan.06,2.7492
16.Jan.06,2.7859
17.Jan.06,2.7949
18.Jan.06,2.8058
19.Jan.06,2.8168
20.Jan.06,2.8287
23.Jan.06,2.863
24.Jan.06,2.8742
25.Jan.06,2.8827
26.Jan.06,2.8906
27.Jan.06,2.8992
1.Feb.06,2.9672
2.Feb.06,2.9769
3.Feb.06,2.9886
6.Feb.06,3.0205
7.Feb.06,3.0312
8.Feb.06,3.0402
9.Feb.06,3.0453
10.Feb.06,3.0457
13.Feb.06,3.046
14.Feb.06,3.0437
15.Feb.06,3.0372
16.Feb.06,3.0212
17.Feb.06,3.0236
20.Feb.06,3.0387
21.Feb.06,3.0436
22.Feb.06,3.0492
23.Feb.06,3.0543
24.Feb.06,3.0624
27.Feb.06,3.0759
28.Feb.06,3.0813
1.Mar.06,3.094
2.Mar.06,3.0975
3.Mar.06,3.1031
6.Mar.06,3.1205
7.Mar.06,3.1278
8.Mar.06,3.1361
9.Mar.06,3.1421
10.Mar.06,3.1469
13.Mar.06,3.1621
14.Mar.06,3.1696
15.Mar.06,3.1741
16.Mar.06,3.171
17.Mar.06,3.1691
20.Mar.06,3.1655
21.Mar.06,3.1688
22.Mar.06,3.1732
23.Mar.06,3.177
24.Mar.06,3.1802
27.Mar.06,3.1928
28.Mar.06,3.198
29.Mar.06,3.2011
30.Mar.06,3.1995
31.Mar.06,3.1908
3.Apr.06,3.1717
4.Apr.06,3.1721
5.Apr.06,3.1678
6.Apr.06,3.1636
7.Apr.06,3.162
10.Apr.06,3.1633
11.Apr.06,3.1654
12.Apr.06,3.1655
13.Apr.06,3.1632
17.Apr.06,3.1568
18.Apr.06,3.155
19.Apr.06,3.1531
20.Apr.06,3.1503
21.Apr.06,3.1481
24.Apr.06,3.1422
25.Apr.06,3.143
26.Apr.06,3.145
27.Apr.06,3.1459
28.Apr.06,3.1419
2.May.06,3.1216
3.May.06,3.1176
4.May.06,3.1129
5.May.06,3.1084
8.May.06,3.0967
9.May.06,3.0964
10.May.06,3.0992
11.May.06,3.1021
15.May.06,3.1264
16.May.06,3.1469
17.May.06,3.1494
18.May.06,3.148
19.May.06,3.1468
22.May.06,3.1401
23.May.06,3.136
24.May.06,3.131
25.May.06,3.1268
26.May.06,3.126
29.May.06,3.1258
30.May.06,3.1242
31.May.06,3.1227
1.Jun.06,3.1211
2.Jun.06,3.1206
5.Jun.06,3.1218
6.Jun.06,3.1217
7.Jun.06,3.1209
8.Jun.06,3.1216
9.Jun.06,3.1211
12.Jun.06,3.1177
13.Jun.06,3.1161
14.Jun.06,3.1145
15.Jun.06,3.1137
16.Jun.06,3.1147
19.Jun.06,3.1198
20.Jun.06,3.1211
21.Jun.06,3.1231
22.Jun.06,3.1252
23.Jun.06,3.1266
26.Jun.06,3.1296
27.Jun.06,3.1295
28.Jun.06,3.13
29.Jun.06,3.1311
30.Jun.06,3.1379
3.Jul.06,3.1431
4.Jul.06,3.1434
5.Jul.06,3.1421
6.Jul.06,3.1422
7.Jul.06,3.1467
10.Jul.06,3.1572
11.Jul.06,3.1603
12.Jul.06,3.1632
13.Jul.06,3.1659
14.Jul.06,3.1688
17.Jul.06,3.1765
18.Jul.06,3.1776
19.Jul.06,3.1784
20.Jul.06,3.1792
21.Jul.06,3.1822
24.Jul.06,3.1917
25.Jul.06,3.194
26.Jul.06,3.1954
27.Jul.06,3.1962
28.Jul.06,3.195
31.Jul.06,3.1881
1.Aug.06,3.1847
2.Aug.06,3.1825
3.Aug.06,3.1817
4.Aug.06,3.1831
7.Aug.06,3.1796
8.Aug.06,3.1772
10.Aug.06,3.1795
11.Aug.06,3.1822
14.Aug.06,3.1865
15.Aug.06,3.1881
16.Aug.06,3.1904
17.Aug.06,3.1925
18.Aug.06,3.1954
21.Aug.06,3.2033
22.Aug.06,3.2059
23.Aug.06,3.2097
24.Aug.06,3.2146
25.Aug.06,3.2205
28.Aug.06,3.2275
29.Aug.06,3.2295
30.Aug.06,3.2339
31.Aug.06,3.2371
1.Sep.06,3.2396
4.Sep.06,3.2457
5.Sep.06,3.2449
6.Sep.06,3.2438
7.Sep.06,3.2436
8.Sep.06,3.2418
11.Sep.06,3.2379
12.Sep.06,3.2349
13.Sep.06,3.2334
14.Sep.06,3.2347
15.Sep.06,3.2362
18.Sep.06,3.2339
19.Sep.06,3.2327
20.Sep.06,3.2325
21.Sep.06,3.2339
22.Sep.06,3.2393
25.Sep.06,3.2545
26.Sep.06,3.2564
27.Sep.06,3.2579
28.Sep.06,3.2582
29.Sep.06,3.2571
2.Oct.06,3.2573
3.Oct.06,3.2576
4.Oct.06,3.2584
5.Oct.06,3.2601
6.Oct.06,3.2589
9.Oct.06,3.2494
10.Oct.06,3.2471
11.Oct.06,3.2472
12.Oct.06,3.2493
13.Oct.06,3.2512
16.Oct.06,3.2548
17.Oct.06,3.2563
18.Oct.06,3.261
19.Oct.06,3.266
20.Oct.06,3.2704
23.Oct.06,3.2729
25.Oct.06,3.2745
26.Oct.06,3.276
27.Oct.06,3.2795
30.Oct.06,3.2973
31.Oct.06,3.3044
1.Nov.06,3.3125
2.Nov.06,3.3187
3.Nov.06,3.3231
6.Nov.06,3.3351
7.Nov.06,3.3386
8.Nov.06,3.3432
9.Nov.06,3.3463
10.Nov.06,3.349
13.Nov.06,3.3485
14.Nov.06,3.3486
15.Nov.06,3.3473
16.Nov.06,3.3462
17.Nov.06,3.3465
20.Nov.06,3.3474
21.Nov.06,3.347
22.Nov.06,3.3467
23.Nov.06,3.3452
24.Nov.06,3.3429
27.Nov.06,3.3342
28.Nov.06,3.3315
29.Nov.06,3.3287
30.Nov.06,3.3245
1.Dec.06,3.3216
4.Dec.06,3.3101
5.Dec.06,3.308
6.Dec.06,3.3064
7.Dec.06,3.3054
8.Dec.06,3.3062
11.Dec.06,3.312
12.Dec.06,3.3151
13.Dec.06,3.317
14.Dec.06,3.3146
15.Dec.06,3.3139
18.Dec.06,3.3171
19.Dec.06,3.3178
20.Dec.06,3.3159
21.Dec.06,3.3119
22.Dec.06,3.3047
26.Dec.06,3.279
27.Dec.06,3.2767
28.Dec.06,3.276
29.Dec.06,3.278
3.Jan.07,3.2918
4.Jan.07,3.2889
5.Jan.07,3.2886
8.Jan.07,3.2913
9.Jan.07,3.2914
10.Jan.07,3.2904
11.Jan.07,3.2886
12.Jan.07,3.2847
15.Jan.07,3.2746
16.Jan.07,3.271
17.Jan.07,3.2646
18.Jan.07,3.2576
19.Jan.07,3.2528
22.Jan.07,3.2407
23.Jan.07,3.2376
24.Jan.07,3.2354
25.Jan.07,3.2334
26.Jan.07,3.231
29.Jan.07,3.2177
30.Jan.07,3.2136
31.Jan.07,3.2095
1.Feb.07,3.205
2.Feb.07,3.2012
5.Feb.07,3.1889
6.Feb.07,3.185
7.Feb.07,3.1819
8.Feb.07,3.1795
9.Feb.07,3.1768
12.Feb.07,3.1733
13.Feb.07,3.1728
14.Feb.07,3.1717
15.Feb.07,3.1708
16.Feb.07,3.1707
21.Feb.07,3.1606
22.Feb.07,3.1593
23.Feb.07,3.1586
26.Feb.07,3.1566
27.Feb.07,3.1544
28.Feb.07,3.1495
1.Mar.07,3.1456
2.Mar.07,3.1448
5.Mar.07,3.1403
6.Mar.07,3.1357
7.Mar.07,3.1265
8.Mar.07,3.115
9.Mar.07,3.1039
12.Mar.07,3.0708
13.Mar.07,3.0579
14.Mar.07,3.0445
15.Mar.07,3.0288
16.Mar.07,3.0151
19.Mar.07,3.0023
20.Mar.07,2.9995
21.Mar.07,2.9966
22.Mar.07,2.993
23.Mar.07,2.9891
26.Mar.07,2.9811
27.Mar.07,2.9766
28.Mar.07,2.9688
29.Mar.07,2.9552
30.Mar.07,2.9446
2.Apr.07,2.9207
3.Apr.07,2.9104
4.Apr.07,2.9041
5.Apr.07,2.8968
9.Apr.07,2.8743
10.Apr.07,2.8679
11.Apr.07,2.8591
12.Apr.07,2.8498
13.Apr.07,2.8406
16.Apr.07,2.8137
17.Apr.07,2.8067
18.Apr.07,2.7963
19.Apr.07,2.7828
20.Apr.07,2.771
23.Apr.07,2.7421
24.Apr.07,2.7336
25.Apr.07,2.7256
26.Apr.07,2.7183
27.Apr.07,2.7101
30.Apr.07,2.6864
2.May.07,2.6611
3.May.07,2.6527
4.May.07,2.6453
7.May.07,2.6249
8.May.07,2.6176
9.May.07,2.6095
10.May.07,2.6002
11.May.07,2.5904
14.May.07,2.5615
15.May.07,2.5529
16.May.07,2.5408
17.May.07,2.5277
18.May.07,2.5134
21.May.07,2.4669
22.May.07,2.4518
23.May.07,2.437
24.May.07,2.4267
25.May.07,2.4157
28.May.07,2.3889
29.May.07,2.3852
30.May.07,2.3814
1.Jun.07,2.3771
4.Jun.07,2.3538
5.Jun.07,2.345
6.Jun.07,2.3385
7.Jun.07,2.336
8.Jun.07,2.3358
11.Jun.07,2.3359
12.Jun.07,2.3365
13.Jun.07,2.3403
14.Jun.07,2.3457
15.Jun.07,2.3514
18.Jun.07,2.3377
19.Jun.07,2.329
20.Jun.07,2.319
21.Jun.07,2.311
22.Jun.07,2.3042
25.Jun.07,2.2841
26.Jun.07,2.2755
27.Jun.07,2.2684
28.Jun.07,2.2639
29.Jun.07,2.2641
2.Jul.07,2.2379
3.Jul.07,2.2304
4.Jul.07,2.2253
5.Jul.07,2.2218
6.Jul.07,2.2185
9.Jul.07,2.2079
10.Jul.07,2.2044
11.Jul.07,2.2023
12.Jul.07,2.2015
13.Jul.07,2.2009
16.Jul.07,2.1997
17.Jul.07,2.1996
18.Jul.07,2.2026
19.Jul.07,2.2072
20.Jul.07,2.2113
23.Jul.07,2.2175
24.Jul.07,2.217
25.Jul.07,2.216
26.Jul.07,2.2138
27.Jul.07,2.2123
30.Jul.07,2.2047
31.Jul.07,2.2058
1.Aug.07,2.2052
2.Aug.07,2.2041
3.Aug.07,2.205
6.Aug.07,2.1999
7.Aug.07,2.1975
8.Aug.07,2.1953
10.Aug.07,2.1937
13.Aug.07,2.2016
14.Aug.07,2.2042
15.Aug.07,2.2051
16.Aug.07,2.2088
17.Aug.07,2.2171
20.Aug.07,2.2428
21.Aug.07,2.2507
22.Aug.07,2.2564
23.Aug.07,2.2599
24.Aug.07,2.2593
27.Aug.07,2.2631
28.Aug.07,2.2644
29.Aug.07,2.2662
30.Aug.07,2.266
31.Aug.07,2.2653
3.Sep.07,2.2695
4.Sep.07,2.273
5.Sep.07,2.2748
6.Sep.07,2.2774
7.Sep.07,2.2814
10.Sep.07,2.2907
11.Sep.07,2.292
12.Sep.07,2.2929
13.Sep.07,2.2893
14.Sep.07,2.2865
17.Sep.07,2.2791
18.Sep.07,2.2769
19.Sep.07,2.2765
20.Sep.07,2.2777
21.Sep.07,2.2771
24.Sep.07,2.2775
25.Sep.07,2.2769
26.Sep.07,2.2784
27.Sep.07,2.2793
28.Sep.07,2.2806
1.Oct.07,2.2837
2.Oct.07,2.2823
3.Oct.07,2.2825
4.Oct.07,2.282
5.Oct.07,2.2805
8.Oct.07,2.2736
9.Oct.07,2.2719
10.Oct.07,2.2713
11.Oct.07,2.271
12.Oct.07,2.2696
15.Oct.07,2.2653
16.Oct.07,2.2645
17.Oct.07,2.2648
18.Oct.07,2.2671
19.Oct.07,2.2698
22.Oct.07,2.2759
23.Oct.07,2.2765
24.Oct.07,2.2757
25.Oct.07,2.2697
26.Oct.07,2.2657
29.Oct.07,2.26
30.Oct.07,2.259
31.Oct.07,2.2585
1.Nov.07,2.2575
2.Nov.07,2.2569
5.Nov.07,2.2565
6.Nov.07,2.2539
7.Nov.07,2.2449
9.Nov.07,2.2126
12.Nov.07,2.1919
13.Nov.07,2.187
14.Nov.07,2.1809
15.Nov.07,2.1741
16.Nov.07,2.1668
19.Nov.07,2.135
20.Nov.07,2.1249
21.Nov.07,2.1159
22.Nov.07,2.1088
23.Nov.07,2.1055
26.Nov.07,2.0965
27.Nov.07,2.0911
28.Nov.07,2.084
29.Nov.07,2.0736
30.Nov.07,2.0625
3.Dec.07,2.0178
4.Dec.07,1.9989
5.Dec.07,1.9817
6.Dec.07,1.9625
7.Dec.07,1.9455
10.Dec.07,1.8972
11.Dec.07,1.8818
12.Dec.07,1.8669
13.Dec.07,1.8566
14.Dec.07,1.8479
17.Dec.07,1.8324
18.Dec.07,1.8267
19.Dec.07,1.8145
21.Dec.07,1.7793
24.Dec.07,1.7285
26.Dec.07,1.6942
27.Dec.07,1.6777
28.Dec.07,1.6597
31.Dec.07,1.6103
2.Jan.08,1.5836
3.Jan.08,1.5713
4.Jan.08,1.5584
7.Jan.08,1.5133
8.Jan.08,1.4984
9.Jan.08,1.4838
10.Jan.08,1.4705
11.Jan.08,1.4564
14.Jan.08,1.4215
15.Jan.08,1.4103
16.Jan.08,1.3994
17.Jan.08,1.3885
18.Jan.08,1.3759
21.Jan.08,1.3409
22.Jan.08,1.3296
23.Jan.08,1.3199
24.Jan.08,1.31
25.Jan.08,1.3048
28.Jan.08,1.2827
29.Jan.08,1.276
30.Jan.08,1.2718
31.Jan.08,1.2665
1.Feb.08,1.2604
4.Feb.08,1.2404
5.Feb.08,1.2325
6.Feb.08,1.227
11.Feb.08,1.2419
12.Feb.08,1.237
13.Feb.08,1.2295
14.Feb.08,1.2208
15.Feb.08,1.213
18.Feb.08,1.1944
19.Feb.08,1.1897
20.Feb.08,1.1855
21.Feb.08,1.1819
22.Feb.08,1.1782
25.Feb.08,1.157
26.Feb.08,1.1489
27.Feb.08,1.1425
28.Feb.08,1.1358
29.Feb.08,1.1335
3.Mar.08,1.1332
4.Mar.08,1.1356
5.Mar.08,1.1391
6.Mar.08,1.1453
7.Mar.08,1.1459
10.Mar.08,1.1318
11.Mar.08,1.1264
12.Mar.08,1.1198
13.Mar.08,1.1124
14.Mar.08,1.1026
17.Mar.08,1.0664
18.Mar.08,1.0577
19.Mar.08,1.0558
20.Mar.08,1.0598
24.Mar.08,1.0743
25.Mar.08,1.0792
26.Mar.08,1.0834
27.Mar.08,1.0838
28.Mar.08,1.0838
31.Mar.08,1.0867
1.Apr.08,1.0839
2.Apr.08,1.0799
3.Apr.08,1.077
4.Apr.08,1.0749
7.Apr.08,1.0751
8.Apr.08,1.0744
9.Apr.08,1.0726
10.Apr.08,1.0669
11.Apr.08,1.0622
14.Apr.08,1.0418
15.Apr.08,1.0336
16.Apr.08,1.0245
17.Apr.08,1.0152
18.Apr.08,1.0035
21.Apr.08,0.9612
22.Apr.08,0.9472
23.Apr.08,0.9322
24.Apr.08,0.9193
25.Apr.08,0.9101
28.Apr.08,0.8896
29.Apr.08,0.8854
30.Apr.08,0.8773
2.May.08,0.8531
5.May.08,0.8257
6.May.08,0.8155
7.May.08,0.8042
8.May.08,0.7919
9.May.08,0.7816
12.May.08,0.7584
13.May.08,0.7526
14.May.08,0.7489
15.May.08,0.7461
16.May.08,0.7401
20.May.08,0.7115
21.May.08,0.7026
22.May.08,0.6928
23.May.08,0.6863
26.May.08,0.6737
27.May.08,0.669
28.May.08,0.6652
29.May.08,0.6594
30.May.08,0.658
2.Jun.08,0.6457
3.Jun.08,0.6381
4.Jun.08,0.6293
5.Jun.08,0.62
6.Jun.08,0.6122
9.Jun.08,0.6014
10.Jun.08,0.5991
11.Jun.08,0.5986
12.Jun.08,0.5982
13.Jun.08,0.5975
16.Jun.08,0.5912
17.Jun.08,0.588
18.Jun.08,0.5803
19.Jun.08,0.5724
20.Jun.08,0.566
23.Jun.08,0.5449
24.Jun.08,0.5378
25.Jun.08,0.5285
26.Jun.08,0.5202
27.Jun.08,0.5153
30.Jun.08,0.513
1.Jul.08,0.5125
2.Jul.08,0.5089
3.Jul.08,0.5049
4.Jul.08,0.5022
7.Jul.08,0.4919
8.Jul.08,0.4883
9.Jul.08,0.4855
10.Jul.08,0.4851
11.Jul.08,0.484
14.Jul.08,0.4803
15.Jul.08,0.4797
16.Jul.08,0.4789
17.Jul.08,0.4766
18.Jul.08,0.4775
21.Jul.08,0.4831
22.Jul.08,0.4847
23.Jul.08,0.4881
24.Jul.08,0.492
25.Jul.08,0.4921
28.Jul.08,0.4801
29.Jul.08,0.4711
30.Jul.08,0.462
31.Jul.08,0.4588
1.Aug.08,0.4498
4.Aug.08,0.4297
5.Aug.08,0.4237
6.Aug.08,0.4197
7.Aug.08,0.4172
8.Aug.08,0.4162
11.Aug.08,0.4087
12.Aug.08,0.4069
13.Aug.08,0.4054
14.Aug.08,0.4046
15.Aug.08,0.4048
18.Aug.08,0.4212
19.Aug.08,0.4241
20.Aug.08,0.426
21.Aug.08,0.4273
22.Aug.08,0.431
25.Aug.08,0.4286
26.Aug.08,0.4263
27.Aug.08,0.4247
28.Aug.08,0.4245
29.Aug.08,0.4262
1.Sep.08,0.4307
2.Sep.08,0.4302
3.Sep.08,0.4326
4.Sep.08,0.4367
5.Sep.08,0.4424
8.Sep.08,0.4581
9.Sep.08,0.4638
10.Sep.08,0.4692
11.Sep.08,0.4743
12.Sep.08,0.4813
15.Sep.08,0.5038
16.Sep.08,0.5115
17.Sep.08,0.5225
18.Sep.08,0.5361
19.Sep.08,0.5515
22.Sep.08,0.5866
23.Sep.08,0.5991
24.Sep.08,0.6133
25.Sep.08,0.6275
26.Sep.08,0.643
29.Sep.08,0.6818
30.Sep.08,0.6927
2.Oct.08,0.7137
3.Oct.08,0.7241
6.Oct.08,0.7377
7.Oct.08,0.7422
8.Oct.08,0.7451
9.Oct.08,0.7488
10.Oct.08,0.7506
13.Oct.08,0.7522
14.Oct.08,0.7546
15.Oct.08,0.7584
16.Oct.08,0.7611
17.Oct.08,0.7638
20.Oct.08,0.7657
21.Oct.08,0.7657
22.Oct.08,0.7644
23.Oct.08,0.7611
24.Oct.08,0.7574
28.Oct.08,0.7548
29.Oct.08,0.7568
30.Oct.08,0.7636
31.Oct.08,0.7688
3.Nov.08,0.7723
4.Nov.08,0.7714
5.Nov.08,0.7692
6.Nov.08,0.7668
7.Nov.08,0.7637
10.Nov.08,0.7516
11.Nov.08,0.7481
12.Nov.08,0.7473
13.Nov.08,0.7471
14.Nov.08,0.7481
17.Nov.08,0.7407
18.Nov.08,0.7353
19.Nov.08,0.7304
20.Nov.08,0.7272
21.Nov.08,0.7254
24.Nov.08,0.7186
25.Nov.08,0.7176
26.Nov.08,0.7169
27.Nov.08,0.7163
28.Nov.08,0.7149
1.Dec.08,0.7117
2.Dec.08,0.7113
3.Dec.08,0.7097
4.Dec.08,0.7065
5.Dec.08,0.7032
9.Dec.08,0.6888
10.Dec.08,0.6846
11.Dec.08,0.68
12.Dec.08,0.6725
15.Dec.08,0.6493
16.Dec.08,0.6407
17.Dec.08,0.6297
18.Dec.08,0.618
19.Dec.08,0.6042
22.Dec.08,0.5735
23.Dec.08,0.5627
24.Dec.08,0.5501
26.Dec.08,0.5244
29.Dec.08,0.4815
30.Dec.08,0.4683
31.Dec.08,0.4664
2.Jan.09,0.4392
5.Jan.09,0.4165
6.Jan.09,0.4099
7.Jan.09,0.4024
8.Jan.09,0.3968
9.Jan.09,0.3897
12.Jan.09,0.3768
13.Jan.09,0.373
14.Jan.09,0.3673
15.Jan.09,0.3608
16.Jan.09,0.3557
19.Jan.09,0.3462
20.Jan.09,0.3428
21.Jan.09,0.3397
22.Jan.09,0.338
23.Jan.09,0.3371
28.Jan.09,0.3283
29.Jan.09,0.3248
30.Jan.09,0.3175
2.Feb.09,0.3089
3.Feb.09,0.3059
4.Feb.09,0.3049
5.Feb.09,0.305
6.Feb.09,0.3057
9.Feb.09,0.305
10.Feb.09,0.3048
11.Feb.09,0.3034
12.Feb.09,0.2981
13.Feb.09,0.2915
16.Feb.09,0.2728
17.Feb.09,0.2674
18.Feb.09,0.2647
19.Feb.09,0.2641
20.Feb.09,0.2628
23.Feb.09,0.2568
24.Feb.09,0.255
25.Feb.09,0.2517
26.Feb.09,0.2478
27.Feb.09,0.2449
2.Mar.09,0.2298
3.Mar.09,0.2277
4.Mar.09,0.2259
5.Mar.09,0.2229
6.Mar.09,0.2192
9.Mar.09,0.2081
10.Mar.09,0.2042
11.Mar.09,0.2005
12.Mar.09,0.1986
13.Mar.09,0.1972
16.Mar.09,0.1983
17.Mar.09,0.2007
18.Mar.09,0.2045
19.Mar.09,0.2081
20.Mar.09,0.2097
23.Mar.09,0.2042
24.Mar.09,0.2016
25.Mar.09,0.1991
26.Mar.09,0.1973
27.Mar.09,0.1984
30.Mar.09,0.2023
31.Mar.09,0.2026
1.Apr.09,0.2047
2.Apr.09,0.2054
3.Apr.09,0.2049
6.Apr.09,0.2
7.Apr.09,0.1994
8.Apr.09,0.1989
9.Apr.09,0.1985
13.Apr.09,0.2001
14.Apr.09,0.2007
15.Apr.09,0.2015
16.Apr.09,0.2038
17.Apr.09,0.2078
20.Apr.09,0.2082
21.Apr.09,0.209
22.Apr.09,0.209
23.Apr.09,0.2088
24.Apr.09,0.2082
27.Apr.09,0.2063
28.Apr.09,0.2055
29.Apr.09,0.2045
30.Apr.09,0.2034
4.May.09,0.1974
5.May.09,0.1969
6.May.09,0.1959
7.May.09,0.1955
8.May.09,0.1953
11.May.09,0.1946
12.May.09,0.1942
13.May.09,0.1936
14.May.09,0.1925
15.May.09,0.1913
18.May.09,0.1867
19.May.09,0.1854
20.May.09,0.1848
21.May.09,0.1833
22.May.09,0.1831
25.May.09,0.179
26.May.09,0.1781
27.May.09,0.1764
28.May.09,0.1743
29.May.09,0.1729
1.Jun.09,0.1683
2.Jun.09,0.166
3.Jun.09,0.1641
4.Jun.09,0.1632
5.Jun.09,0.1655
8.Jun.09,0.1742
9.Jun.09,0.1743
10.Jun.09,0.1747
11.Jun.09,0.1754
12.Jun.09,0.1753
15.Jun.09,0.1694
16.Jun.09,0.1669
17.Jun.09,0.1627
18.Jun.09,0.1571
19.Jun.09,0.1511
22.Jun.09,0.1405
23.Jun.09,0.1387
24.Jun.09,0.1375
25.Jun.09,0.1369
26.Jun.09,0.1354
29.Jun.09,0.1276
30.Jun.09,0.1269
1.Jul.09,0.1232
2.Jul.09,0.121
3.Jul.09,0.1199
6.Jul.09,0.1202
7.Jul.09,0.1206
8.Jul.09,0.1211
9.Jul.09,0.1217
10.Jul.09,0.1214
13.Jul.09,0.1205
14.Jul.09,0.1202
15.Jul.09,0.1191
16.Jul.09,0.1164
17.Jul.09,0.1123
20.Jul.09,0.1116
21.Jul.09,0.1116
22.Jul.09,0.1121
23.Jul.09,0.1127
24.Jul.09,0.1131
27.Jul.09,0.1158
28.Jul.09,0.1171
29.Jul.09,0.119
30.Jul.09,0.121
31.Jul.09,0.1224
3.Aug.09,0.135
4.Aug.09,0.1397
5.Aug.09,0.1441
6.Aug.09,0.1475
7.Aug.09,0.1511
11.Aug.09,0.1627
12.Aug.09,0.1662
13.Aug.09,0.1673
14.Aug.09,0.1683
17.Aug.09,0.1718
18.Aug.09,0.1727
19.Aug.09,0.1732
20.Aug.09,0.1731
21.Aug.09,0.1735
24.Aug.09,0.1731
25.Aug.09,0.1736
26.Aug.09,0.1748
27.Aug.09,0.1765
28.Aug.09,0.1789
31.Aug.09,0.188
1.Sep.09,0.1919
2.Sep.09,0.194
3.Sep.09,0.1969
4.Sep.09,0.1991
7.Sep.09,0.1944
8.Sep.09,0.1914
9.Sep.09,0.1915
10.Sep.09,0.191
11.Sep.09,0.1909
14.Sep.09,0.1931
15.Sep.09,0.1934
16.Sep.09,0.194
17.Sep.09,0.1947
18.Sep.09,0.1952
22.Sep.09,0.1989
23.Sep.09,0.2
24.Sep.09,0.2023
25.Sep.09,0.2042
28.Sep.09,0.2069
29.Sep.09,0.2074
30.Sep.09,0.2063
1.Oct.09,0.2064
2.Oct.09,0.2086
5.Oct.09,0.2138
6.Oct.09,0.2144
7.Oct.09,0.2157
8.Oct.09,0.2197
9.Oct.09,0.2216
12.Oct.09,0.2292
13.Oct.09,0.2315
14.Oct.09,0.2332
15.Oct.09,0.235
16.Oct.09,0.2369
19.Oct.09,0.2429
20.Oct.09,0.2447
21.Oct.09,0.2465
22.Oct.09,0.248
23.Oct.09,0.2498
26.Oct.09,0.2538
27.Oct.09,0.2549
28.Oct.09,0.2557
29.Oct.09,0.2561
30.Oct.09,0.2565
2.Nov.09,0.2574
3.Nov.09,0.2578
4.Nov.09,0.2564
5.Nov.09,0.254
6.Nov.09,0.2533
9.Nov.09,0.252
10.Nov.09,0.251
11.Nov.09,0.25
12.Nov.09,0.2487
13.Nov.09,0.2498
16.Nov.09,0.2507
17.Nov.09,0.2506
18.Nov.09,0.2499
19.Nov.09,0.2489
20.Nov.09,0.2492
23.Nov.09,0.2525
24.Nov.09,0.2534
25.Nov.09,0.2541
26.Nov.09,0.2572
30.Nov.09,0.2574
1.Dec.09,0.2541
2.Dec.09,0.2533
3.Dec.09,0.2511
4.Dec.09,0.2498
7.Dec.09,0.2487
8.Dec.09,0.249
9.Dec.09,0.2489
10.Dec.09,0.2495
11.Dec.09,0.2492
14.Dec.09,0.2463
15.Dec.09,0.246
16.Dec.09,0.2452
17.Dec.09,0.2442
18.Dec.09,0.2438
21.Dec.09,0.2413
22.Dec.09,0.2406
23.Dec.09,0.2391
24.Dec.09,0.2364
28.Dec.09,0.2279
29.Dec.09,0.2256
30.Dec.09,0.2225
31.Dec.09,0.2204
4.Jan.10,0.2149
5.Jan.10,0.2138
6.Jan.10,0.2137
7.Jan.10,0.2129
8.Jan.10,0.2093
11.Jan.10,0.2044
12.Jan.10,0.2027
13.Jan.10,0.201
14.Jan.10,0.1997
15.Jan.10,0.1978
18.Jan.10,0.1932
19.Jan.10,0.191
20.Jan.10,0.19
21.Jan.10,0.1889
22.Jan.10,0.1878
25.Jan.10,0.1837
26.Jan.10,0.1824
27.Jan.10,0.181
28.Jan.10,0.1793
29.Jan.10,0.1777
1.Feb.10,0.1703
2.Feb.10,0.1673
3.Feb.10,0.1633
4.Feb.10,0.1606
5.Feb.10,0.1594
8.Feb.10,0.1559
9.Feb.10,0.154
10.Feb.10,0.1529
11.Feb.10,0.1513
12.Feb.10,0.15
17.Feb.10,0.1477
18.Feb.10,0.1481
19.Feb.10,0.1487
22.Feb.10,0.1453
23.Feb.10,0.1439
24.Feb.10,0.1424
25.Feb.10,0.1407
26.Feb.10,0.1377
1.Mar.10,0.1352
2.Mar.10,0.1353
3.Mar.10,0.1357
4.Mar.10,0.1347
5.Mar.10,0.1332
8.Mar.10,0.1297
9.Mar.10,0.1287
10.Mar.10,0.1277
11.Mar.10,0.127
12.Mar.10,0.1273
15.Mar.10,0.1288
16.Mar.10,0.1293
17.Mar.10,0.1296
18.Mar.10,0.1295
19.Mar.10,0.1294
22.Mar.10,0.1294
23.Mar.10,0.1293
24.Mar.10,0.1292
25.Mar.10,0.1289
26.Mar.10,0.1295
29.Mar.10,0.1307
30.Mar.10,0.1315
31.Mar.10,0.1323
1.Apr.10,0.1326
5.Apr.10,0.1373
6.Apr.10,0.1374
7.Apr.10,0.1374
8.Apr.10,0.1365
9.Apr.10,0.1362
12.Apr.10,0.1336
13.Apr.10,0.1333
14.Apr.10,0.1325
15.Apr.10,0.1324
16.Apr.10,0.1316
19.Apr.10,0.1299
20.Apr.10,0.1291
21.Apr.10,0.1283
22.Apr.10,0.1272
23.Apr.10,0.1263
26.Apr.10,0.1236
27.Apr.10,0.1231
28.Apr.10,0.1237
29.Apr.10,0.1249
30.Apr.10,0.1248
3.May.10,0.123
4.May.10,0.1226
5.May.10,0.1218
6.May.10,0.1203
7.May.10,0.1194
10.May.10,0.1196
11.May.10,0.1197
12.May.10,0.1191
13.May.10,0.1176
14.May.10,0.1161
17.May.10,0.1116
18.May.10,0.1105
19.May.10,0.1095
20.May.10,0.1085
21.May.10,0.1075
24.May.10,0.1064
25.May.10,0.1065
26.May.10,0.106
27.May.10,0.1055
31.May.10,0.1076
1.Jun.10,0.1054
2.Jun.10,0.1042
3.Jun.10,0.1032
4.Jun.10,0.1037
7.Jun.10,0.1089
8.Jun.10,0.1108
9.Jun.10,0.1133
10.Jun.10,0.1157
11.Jun.10,0.1165
14.Jun.10,0.1161
15.Jun.10,0.1158
16.Jun.10,0.1155
17.Jun.10,0.1154
18.Jun.10,0.1154
21.Jun.10,0.1173
22.Jun.10,0.1169
23.Jun.10,0.1165
24.Jun.10,0.1159
25.Jun.10,0.1158
28.Jun.10,0.118
29.Jun.10,0.118
30.Jun.10,0.1179
1.Jul.10,0.117
2.Jul.10,0.1147
5.Jul.10,0.108
6.Jul.10,0.107
7.Jul.10,0.1063
8.Jul.10,0.1067
9.Jul.10,0.1065
12.Jul.10,0.1093
13.Jul.10,0.1099
14.Jul.10,0.1103
15.Jul.10,0.1106
16.Jul.10,0.1114
19.Jul.10,0.1153
20.Jul.10,0.1158
21.Jul.10,0.1161
22.Jul.10,0.1168
23.Jul.10,0.1175
26.Jul.10,0.1196
27.Jul.10,0.1196
28.Jul.10,0.119
29.Jul.10,0.1181
30.Jul.10,0.1186
2.Aug.10,0.1218
3.Aug.10,0.1223
4.Aug.10,0.1223
5.Aug.10,0.122
6.Aug.10,0.1218
10.Aug.10,0.1193
11.Aug.10,0.1191
12.Aug.10,0.1191
13.Aug.10,0.1196
16.Aug.10,0.1213
17.Aug.10,0.1219
18.Aug.10,0.1228
19.Aug.10,0.1235
20.Aug.10,0.1244
23.Aug.10,0.1252
24.Aug.10,0.1255
25.Aug.10,0.1256
26.Aug.10,0.1251
27.Aug.10,0.1242
30.Aug.10,0.1224
31.Aug.10,0.1218
1.Sep.10,0.1224
2.Sep.10,0.1228
3.Sep.10,0.1236
6.Sep.10,0.1192
7.Sep.10,0.1171
8.Sep.10,0.1151
9.Sep.10,0.1127
13.Sep.10,0.1098
14.Sep.10,0.1101
15.Sep.10,0.1105
16.Sep.10,0.111
17.Sep.10,0.1118
20.Sep.10,0.1138
21.Sep.10,0.114
22.Sep.10,0.1158
23.Sep.10,0.1178
24.Sep.10,0.1188
27.Sep.10,0.116
28.Sep.10,0.1146
29.Sep.10,0.1139
30.Sep.10,0.1137
1.Oct.10,0.1139
4.Oct.10,0.1146
5.Oct.10,0.1145
6.Oct.10,0.1144
7.Oct.10,0.1141
8.Oct.10,0.1135
11.Oct.10,0.1103
12.Oct.10,0.1091
13.Oct.10,0.108
14.Oct.10,0.1074
15.Oct.10,0.1069
18.Oct.10,0.1064
19.Oct.10,0.1066
20.Oct.10,0.1064
21.Oct.10,0.1064
22.Oct.10,0.106
25.Oct.10,0.1047
26.Oct.10,0.1041
27.Oct.10,0.1041
28.Oct.10,0.1039
29.Oct.10,0.1033
1.Nov.10,0.0997
2.Nov.10,0.0986
3.Nov.10,0.0979
4.Nov.10,0.0975
8.Nov.10,0.0985
9.Nov.10,0.0984
10.Nov.10,0.0982
11.Nov.10,0.0982
12.Nov.10,0.0979
15.Nov.10,0.0975
16.Nov.10,0.0976
18.Nov.10,0.0969
19.Nov.10,0.0965
22.Nov.10,0.0945
23.Nov.10,0.094
24.Nov.10,0.0935
25.Nov.10,0.0932
26.Nov.10,0.0932
29.Nov.10,0.0932
30.Nov.10,0.0939
1.Dec.10,0.0934
2.Dec.10,0.093
3.Dec.10,0.0925
6.Dec.10,0.0917
7.Dec.10,0.0917
8.Dec.10,0.0913
9.Dec.10,0.0911
10.Dec.10,0.0912
13.Dec.10,0.0923
14.Dec.10,0.092
15.Dec.10,0.0917
16.Dec.10,0.0911
17.Dec.10,0.0904
20.Dec.10,0.0856
21.Dec.10,0.0845
22.Dec.10,0.0825
23.Dec.10,0.0804
24.Dec.10,0.0794
27.Dec.10,0.0786
28.Dec.10,0.0785
29.Dec.10,0.0786
30.Dec.10,0.0783
31.Dec.10,0.0783
3.Jan.11,0.0792
4.Jan.11,0.0798
5.Jan.11,0.0802
6.Jan.11,0.0805
7.Jan.11,0.0808
10.Jan.11,0.0816
11.Jan.11,0.0819
12.Jan.11,0.0818
13.Jan.11,0.0815
14.Jan.11,0.0813
17.Jan.11,0.0787
18.Jan.11,0.0774
19.Jan.11,0.0756
20.Jan.11,0.0745
21.Jan.11,0.0738
24.Jan.11,0.0727
25.Jan.11,0.0723
26.Jan.11,0.0719
27.Jan.11,0.0716
28.Jan.11,0.0718
31.Jan.11,0.0741
1.Feb.11,0.0757
2.Feb.11,0.0769
7.Feb.11,0.0846
8.Feb.11,0.0843
9.Feb.11,0.0838
10.Feb.11,0.0832
11.Feb.11,0.0824
14.Feb.11,0.0811
15.Feb.11,0.0806
16.Feb.11,0.0802
17.Feb.11,0.08
18.Feb.11,0.0797
21.Feb.11,0.0794
22.Feb.11,0.0794
23.Feb.11,0.0793
24.Feb.11,0.0787
25.Feb.11,0.0784
28.Feb.11,0.0764
1.Mar.11,0.0732
2.Mar.11,0.0732
3.Mar.11,0.0727
4.Mar.11,0.0723
7.Mar.11,0.0709
8.Mar.11,0.0705
9.Mar.11,0.07
10.Mar.11,0.0694
11.Mar.11,0.0685
14.Mar.11,0.0661
15.Mar.11,0.0655
16.Mar.11,0.0651
17.Mar.11,0.0645
18.Mar.11,0.0642
21.Mar.11,0.0634
22.Mar.11,0.063
23.Mar.11,0.0627
24.Mar.11,0.0624
25.Mar.11,0.0619
28.Mar.11,0.0605
29.Mar.11,0.0601
30.Mar.11,0.0602
31.Mar.11,0.0604
1.Apr.11,0.0609
4.Apr.11,0.0613
5.Apr.11,0.0614
6.Apr.11,0.061
7.Apr.11,0.0604
8.Apr.11,0.0599
11.Apr.11,0.0582
12.Apr.11,0.0579
13.Apr.11,0.0578
14.Apr.11,0.0576
15.Apr.11,0.0573
18.Apr.11,0.0569
19.Apr.11,0.0568
20.Apr.11,0.0574
21.Apr.11,0.0582
25.Apr.11,0.0599
26.Apr.11,0.0604
27.Apr.11,0.0613
28.Apr.11,0.0623
29.Apr.11,0.0622
3.May.11,0.0583
4.May.11,0.0568
5.May.11,0.0549
6.May.11,0.0527
9.May.11,0.05
10.May.11,0.0503
11.May.11,0.0512
12.May.11,0.0521
13.May.11,0.0523
16.May.11,0.054
18.May.11,0.054
19.May.11,0.0539
20.May.11,0.0537
23.May.11,0.053
24.May.11,0.053
25.May.11,0.053
26.May.11,0.0534
27.May.11,0.0539
30.May.11,0.0549
31.May.11,0.0552
1.Jun.11,0.0554
2.Jun.11,0.0555
3.Jun.11,0.0559
6.Jun.11,0.0572
7.Jun.11,0.0576
8.Jun.11,0.0576
9.Jun.11,0.0578
10.Jun.11,0.0579
13.Jun.11,0.058
14.Jun.11,0.058
15.Jun.11,0.0583
16.Jun.11,0.0585
17.Jun.11,0.059
20.Jun.11,0.0607
21.Jun.11,0.0613
22.Jun.11,0.0617
23.Jun.11,0.0619
24.Jun.11,0.0621
27.Jun.11,0.0627
28.Jun.11,0.0629
29.Jun.11,0.0633
30.Jun.11,0.0632
1.Jul.11,0.0619
4.Jul.11,0.0587
5.Jul.11,0.058
6.Jul.11,0.0579
7.Jul.11,0.0583
8.Jul.11,0.0586
11.Jul.11,0.0591
12.Jul.11,0.0593
13.Jul.11,0.0594
14.Jul.11,0.0596
15.Jul.11,0.06
18.Jul.11,0.0611
19.Jul.11,0.0614
20.Jul.11,0.0611
21.Jul.11,0.0602
22.Jul.11,0.0598
25.Jul.11,0.0584
26.Jul.11,0.0579
27.Jul.11,0.0567
28.Jul.11,0.0549
29.Jul.11,0.0537
1.Aug.11,0.0511
2.Aug.11,0.0501
3.Aug.11,0.0491
4.Aug.11,0.049
5.Aug.11,0.0489
8.Aug.11,0.0492
10.Aug.11,0.0496
11.Aug.11,0.0488
12.Aug.11,0.0477
15.Aug.11,0.0459
16.Aug.11,0.0453
17.Aug.11,0.0452
18.Aug.11,0.0457
19.Aug.11,0.0463
22.Aug.11,0.0475
23.Aug.11,0.0484
24.Aug.11,0.0491
25.Aug.11,0.0495
26.Aug.11,0.0486
29.Aug.11,0.0466
31.Aug.11,0.0453
1.Sep.11,0.0449
2.Sep.11,0.0445
5.Sep.11,0.0438
6.Sep.11,0.0435
7.Sep.11,0.0432
8.Sep.11,0.0434
9.Sep.11,0.0435
12.Sep.11,0.0446
13.Sep.11,0.0451
14.Sep.11,0.0454
15.Sep.11,0.0457
16.Sep.11,0.0461
19.Sep.11,0.0461
20.Sep.11,0.0458
21.Sep.11,0.0457
22.Sep.11,0.0458
23.Sep.11,0.046
26.Sep.11,0.0475
27.Sep.11,0.0479
28.Sep.11,0.0482
29.Sep.11,0.0476
30.Sep.11,0.0474
3.Oct.11,0.0472
4.Oct.11,0.0476
5.Oct.11,0.0478
6.Oct.11,0.048
7.Oct.11,0.0476
10.Oct.11,0.0471
11.Oct.11,0.0469
12.Oct.11,0.0468
13.Oct.11,0.0469
14.Oct.11,0.0468
17.Oct.11,0.0465
18.Oct.11,0.0469
19.Oct.11,0.047
20.Oct.11,0.0473
21.Oct.11,0.0477
24.Oct.11,0.0482
25.Oct.11,0.0483
27.Oct.11,0.0491
28.Oct.11,0.0494
31.Oct.11,0.0504
1.Nov.11,0.0511
2.Nov.11,0.0517
3.Nov.11,0.0525
4.Nov.11,0.0522
8.Nov.11,0.0514
9.Nov.11,0.0511
10.Nov.11,0.0507
11.Nov.11,0.0509
14.Nov.11,0.0517
15.Nov.11,0.0517
16.Nov.11,0.0518
17.Nov.11,0.0517
18.Nov.11,0.0515
21.Nov.11,0.0523
22.Nov.11,0.0536
23.Nov.11,0.0548
24.Nov.11,0.0546
25.Nov.11,0.0542
28.Nov.11,0.0548
29.Nov.11,0.0548
30.Nov.11,0.0553
1.Dec.11,0.0555
2.Dec.11,0.0554
5.Dec.11,0.0548
6.Dec.11,0.0547
7.Dec.11,0.0547
8.Dec.11,0.0548
9.Dec.11,0.0547
12.Dec.11,0.0555
13.Dec.11,0.0554
14.Dec.11,0.0555
15.Dec.11,0.0562
16.Dec.11,0.0562
19.Dec.11,0.0554
20.Dec.11,0.0553
21.Dec.11,0.0549
22.Dec.11,0.0547
23.Dec.11,0.0545
27.Dec.11,0.0524
28.Dec.11,0.0522
29.Dec.11,0.0522
30.Dec.11,0.0525
3.Jan.12,0.0548
4.Jan.12,0.0543
5.Jan.12,0.0542
6.Jan.12,0.0544
9.Jan.12,0.0567
10.Jan.12,0.0569
11.Jan.12,0.0571
12.Jan.12,0.0571
13.Jan.12,0.057
16.Jan.12,0.0568
17.Jan.12,0.0566
18.Jan.12,0.056
19.Jan.12,0.0558
20.Jan.12,0.0556
25.Jan.12,0.0587
26.Jan.12,0.0594
27.Jan.12,0.06
30.Jan.12,0.0605
31.Jan.12,0.061
1.Feb.12,0.0611
2.Feb.12,0.0611
3.Feb.12,0.0609
6.Feb.12,0.0608
7.Feb.12,0.0609
8.Feb.12,0.061
9.Feb.12,0.0611
10.Feb.12,0.0611
13.Feb.12,0.061
14.Feb.12,0.0609
15.Feb.12,0.0611
16.Feb.12,0.0613
17.Feb.12,0.0614
20.Feb.12,0.0592
21.Feb.12,0.0583
22.Feb.12,0.0566
23.Feb.12,0.0544
24.Feb.12,0.0537
27.Feb.12,0.0528
28.Feb.12,0.0524
29.Feb.12,0.0523
1.Mar.12,0.0522
2.Mar.12,0.0525
5.Mar.12,0.0537
6.Mar.12,0.054
7.Mar.12,0.054
8.Mar.12,0.0539
9.Mar.12,0.0538
12.Mar.12,0.0522
13.Mar.12,0.0519
14.Mar.12,0.0516
15.Mar.12,0.0506
16.Mar.12,0.0503
19.Mar.12,0.0512
20.Mar.12,0.0519
21.Mar.12,0.0521
22.Mar.12,0.0522
23.Mar.12,0.0521
26.Mar.12,0.0517
27.Mar.12,0.0516
28.Mar.12,0.0513
29.Mar.12,0.0516
30.Mar.12,0.0516
2.Apr.12,0.0494
3.Apr.12,0.0488
4.Apr.12,0.0487
5.Apr.12,0.0486
9.Apr.12,0.0457
10.Apr.12,0.0455
11.Apr.12,0.0453
12.Apr.12,0.0452
13.Apr.12,0.0452
16.Apr.12,0.0452
17.Apr.12,0.0451
18.Apr.12,0.0449
19.Apr.12,0.0449
20.Apr.12,0.0445
23.Apr.12,0.0412
24.Apr.12,0.0402
25.Apr.12,0.0392
26.Apr.12,0.0384
27.Apr.12,0.0376
30.Apr.12,0.0371
2.May.12,0.0362
3.May.12,0.0362
4.May.12,0.0369
7.May.12,0.0415
8.May.12,0.0424
9.May.12,0.0426
10.May.12,0.0426
11.May.12,0.0425
14.May.12,0.0429
15.May.12,0.0431
16.May.12,0.0433
17.May.12,0.0433
18.May.12,0.0434
21.May.12,0.0442
22.May.12,0.0442
23.May.12,0.0443
24.May.12,0.0444
25.May.12,0.0446
28.May.12,0.0454
29.May.12,0.0454
30.May.12,0.0454
31.May.12,0.0454
1.Jun.12,0.0454
4.Jun.12,0.0446
5.Jun.12,0.0442
6.Jun.12,0.0442
7.Jun.12,0.0446
8.Jun.12,0.0448
11.Jun.12,0.0459
12.Jun.12,0.046
13.Jun.12,0.0462
14.Jun.12,0.0465
15.Jun.12,0.0467
18.Jun.12,0.0467
19.Jun.12,0.0464
20.Jun.12,0.0462
21.Jun.12,0.0467
22.Jun.12,0.0468
25.Jun.12,0.0479
26.Jun.12,0.0481
27.Jun.12,0.0481
28.Jun.12,0.0482
29.Jun.12,0.0479
2.Jul.12,0.0484
3.Jul.12,0.0483
4.Jul.12,0.0483
5.Jul.12,0.0483
6.Jul.12,0.0482
9.Jul.12,0.0492
10.Jul.12,0.0491
11.Jul.12,0.0492
12.Jul.12,0.0494
13.Jul.12,0.0494
16.Jul.12,0.0496
17.Jul.12,0.0497
18.Jul.12,0.0499
19.Jul.12,0.0499
20.Jul.12,0.0503
23.Jul.12,0.0516
24.Jul.12,0.0518
25.Jul.12,0.0527
26.Jul.12,0.0531
27.Jul.12,0.0535
30.Jul.12,0.056
31.Jul.12,0.057
1.Aug.12,0.0577
2.Aug.12,0.0578
3.Aug.12,0.0573
6.Aug.12,0.0541
7.Aug.12,0.0529
8.Aug.12,0.0523
10.Aug.12,0.0533
13.Aug.12,0.0542
14.Aug.12,0.0546
15.Aug.12,0.0548
16.Aug.12,0.0558
17.Aug.12,0.0565
21.Aug.12,0.0574
22.Aug.12,0.058
23.Aug.12,0.0583
24.Aug.12,0.059
27.Aug.12,0.0606
28.Aug.12,0.0608
29.Aug.12,0.0608
30.Aug.12,0.0608
31.Aug.12,0.0609
3.Sep.12,0.0625
4.Sep.12,0.0628
5.Sep.12,0.0632
6.Sep.12,0.0632
7.Sep.12,0.0629
10.Sep.12,0.0627
11.Sep.12,0.0628
12.Sep.12,0.063
13.Sep.12,0.0633
14.Sep.12,0.063
17.Sep.12,0.063
18.Sep.12,0.063
19.Sep.12,0.0631
20.Sep.12,0.0628
21.Sep.12,0.0624
24.Sep.12,0.0625
25.Sep.12,0.0631
26.Sep.12,0.0646
27.Sep.12,0.0662
28.Sep.12,0.0687
1.Oct.12,0.0769
2.Oct.12,0.0787
3.Oct.12,0.0793
4.Oct.12,0.0793
5.Oct.12,0.0793
8.Oct.12,0.0785
9.Oct.12,0.0783
10.Oct.12,0.0784
11.Oct.12,0.0784
12.Oct.12,0.0783
15.Oct.12,0.0782
16.Oct.12,0.0781
17.Oct.12,0.0783
18.Oct.12,0.0786
19.Oct.12,0.0788
22.Oct.12,0.0779
23.Oct.12,0.0779
24.Oct.12,0.0783
25.Oct.12,0.0787
29.Oct.12,0.0817
30.Oct.12,0.0813
31.Oct.12,0.0803
1.Nov.12,0.0794
2.Nov.12,0.0787
5.Nov.12,0.0794
6.Nov.12,0.0794
7.Nov.12,0.0791
8.Nov.12,0.0788
9.Nov.12,0.0781
12.Nov.12,0.0771
14.Nov.12,0.0762
15.Nov.12,0.0763
16.Nov.12,0.0766
19.Nov.12,0.0784
20.Nov.12,0.0782
21.Nov.12,0.0779
22.Nov.12,0.0773
23.Nov.12,0.077
26.Nov.12,0.0749
27.Nov.12,0.0744
28.Nov.12,0.0743
29.Nov.12,0.0744
30.Nov.12,0.0746
3.Dec.12,0.0751
4.Dec.12,0.0756
5.Dec.12,0.0762
6.Dec.12,0.0761
7.Dec.12,0.076
10.Dec.12,0.075
11.Dec.12,0.0745
12.Dec.12,0.074
13.Dec.12,0.0735
14.Dec.12,0.0734
17.Dec.12,0.073
18.Dec.12,0.0736
19.Dec.12,0.0739
20.Dec.12,0.0739
21.Dec.12,0.0735
24.Dec.12,0.0727
26.Dec.12,0.0708
27.Dec.12,0.07
28.Dec.12,0.0682
31.Dec.12,0.0631
2.Jan.13,0.0583
3.Jan.13,0.0576
4.Jan.13,0.0576
7.Jan.13,0.0577
8.Jan.13,0.0579
9.Jan.13,0.0579
10.Jan.13,0.0578
11.Jan.13,0.0577
14.Jan.13,0.0575
15.Jan.13,0.0575
16.Jan.13,0.0575
17.Jan.13,0.0572
18.Jan.13,0.0568
21.Jan.13,0.0572
22.Jan.13,0.0575
23.Jan.13,0.0574
24.Jan.13,0.0576
25.Jan.13,0.0568
28.Jan.13,0.0523
29.Jan.13,0.0509
30.Jan.13,0.0505
31.Jan.13,0.0505
1.Feb.13,0.0505
4.Feb.13,0.0508
5.Feb.13,0.0509
6.Feb.13,0.0507
7.Feb.13,0.0507
8.Feb.13,0.0507
13.Feb.13,0.0529
14.Feb.13,0.0534
15.Feb.13,0.0534
18.Feb.13,0.0518
19.Feb.13,0.0509
20.Feb.13,0.0508
21.Feb.13,0.0506
22.Feb.13,0.0507
25.Feb.13,0.0511
26.Feb.13,0.0511
27.Feb.13,0.0509
28.Feb.13,0.051
1.Mar.13,0.0505
4.Mar.13,0.0494
5.Mar.13,0.0487
6.Mar.13,0.0486
7.Mar.13,0.0488
8.Mar.13,0.0488
11.Mar.13,0.0489
12.Mar.13,0.0491
13.Mar.13,0.0491
14.Mar.13,0.049
15.Mar.13,0.0488
18.Mar.13,0.0479
19.Mar.13,0.0475
20.Mar.13,0.0478
21.Mar.13,0.0487
22.Mar.13,0.049
25.Mar.13,0.0513
26.Mar.13,0.0511
27.Mar.13,0.0503
28.Mar.13,0.0494
1.Apr.13,0.0483
2.Apr.13,0.0481
3.Apr.13,0.0483
4.Apr.13,0.0483
5.Apr.13,0.0483
8.Apr.13,0.0484
9.Apr.13,0.0483
10.Apr.13,0.0485
11.Apr.13,0.0489
12.Apr.13,0.0492
15.Apr.13,0.0497
16.Apr.13,0.0497
17.Apr.13,0.0498
18.Apr.13,0.0502
19.Apr.13,0.0501
22.Apr.13,0.0496
23.Apr.13,0.0492
24.Apr.13,0.0484
25.Apr.13,0.0481
26.Apr.13,0.0481
29.Apr.13,0.0484
30.Apr.13,0.0487
2.May.13,0.0494
3.May.13,0.0497
6.May.13,0.0509
7.May.13,0.0515
8.May.13,0.0515
9.May.13,0.0511
10.May.13,0.0506
13.May.13,0.0489
14.May.13,0.0483
15.May.13,0.0475
16.May.13,0.0467
17.May.13,0.046
20.May.13,0.0459
21.May.13,0.0465
22.May.13,0.0471
23.May.13,0.0478
27.May.13,0.0521
28.May.13,0.0523
29.May.13,0.0523
30.May.13,0.0524
31.May.13,0.0527
3.Jun.13,0.0523
4.Jun.13,0.0519
5.Jun.13,0.0518
6.Jun.13,0.0518
7.Jun.13,0.0515
10.Jun.13,0.0512
11.Jun.13,0.0511
12.Jun.13,0.051
13.Jun.13,0.051
14.Jun.13,0.0511
17.Jun.13,0.051
18.Jun.13,0.0509
19.Jun.13,0.0508
20.Jun.13,0.0504
21.Jun.13,0.0499
24.Jun.13,0.0489
25.Jun.13,0.0483
26.Jun.13,0.0484
27.Jun.13,0.0486
28.Jun.13,0.0489
1.Jul.13,0.0496
2.Jul.13,0.05
3.Jul.13,0.0504
4.Jul.13,0.0509
5.Jul.13,0.0514
8.Jul.13,0.0516
9.Jul.13,0.0516
10.Jul.13,0.0517
11.Jul.13,0.0512
12.Jul.13,0.0511
15.Jul.13,0.0512
16.Jul.13,0.0513
17.Jul.13,0.0514
18.Jul.13,0.051
19.Jul.13,0.0509
22.Jul.13,0.0511
23.Jul.13,0.0512
24.Jul.13,0.0514
25.Jul.13,0.0518
26.Jul.13,0.0519
29.Jul.13,0.0517
30.Jul.13,0.0517
31.Jul.13,0.0517
1.Aug.13,0.0512
2.Aug.13,0.0504
5.Aug.13,0.0486
6.Aug.13,0.0479
7.Aug.13,0.0477
12.Aug.13,0.0487
13.Aug.13,0.049
14.Aug.13,0.0489
15.Aug.13,0.049
16.Aug.13,0.0493
19.Aug.13,0.049
20.Aug.13,0.0487
21.Aug.13,0.0483
22.Aug.13,0.048
23.Aug.13,0.0477
26.Aug.13,0.0454
27.Aug.13,0.0443
28.Aug.13,0.044
29.Aug.13,0.044
30.Aug.13,0.0438
2.Sep.13,0.0428
3.Sep.13,0.0427
4.Sep.13,0.0427
5.Sep.13,0.0427
6.Sep.13,0.0425
9.Sep.13,0.0424
10.Sep.13,0.0426
11.Sep.13,0.0427
12.Sep.13,0.0428
13.Sep.13,0.0428
16.Sep.13,0.0431
17.Sep.13,0.043
18.Sep.13,0.0431
19.Sep.13,0.043
20.Sep.13,0.0429
23.Sep.13,0.0417
24.Sep.13,0.0413
25.Sep.13,0.0408
26.Sep.13,0.0406
27.Sep.13,0.0403
30.Sep.13,0.0395
1.Oct.13,0.0395
2.Oct.13,0.0391
3.Oct.13,0.039
4.Oct.13,0.0391
7.Oct.13,0.0416
8.Oct.13,0.0429
9.Oct.13,0.0435
10.Oct.13,0.044
11.Oct.13,0.0451
14.Oct.13,0.0479
16.Oct.13,0.0512
17.Oct.13,0.0515
18.Oct.13,0.052
21.Oct.13,0.0529
22.Oct.13,0.0527
23.Oct.13,0.0527
24.Oct.13,0.0525
25.Oct.13,0.052
28.Oct.13,0.0516
29.Oct.13,0.0517
30.Oct.13,0.0514
31.Oct.13,0.0512
1.Nov.13,0.051
4.Nov.13,0.051
5.Nov.13,0.0511
6.Nov.13,0.051
7.Nov.13,0.0506
8.Nov.13,0.0503
11.Nov.13,0.0502
12.Nov.13,0.0504
13.Nov.13,0.0519
14.Nov.13,0.0559
15.Nov.13,0.0566
18.Nov.13,0.0564
19.Nov.13,0.0569
20.Nov.13,0.0578
21.Nov.13,0.0584
22.Nov.13,0.0579
25.Nov.13,0.0571
26.Nov.13,0.0568
27.Nov.13,0.0568
28.Nov.13,0.0566
29.Nov.13,0.0564
2.Dec.13,0.057
3.Dec.13,0.057
4.Dec.13,0.0574
5.Dec.13,0.058
6.Dec.13,0.0585
9.Dec.13,0.0592
10.Dec.13,0.0592
11.Dec.13,0.0592
12.Dec.13,0.0592
13.Dec.13,0.0592
16.Dec.13,0.0589
17.Dec.13,0.059
18.Dec.13,0.059
19.Dec.13,0.0593
20.Dec.13,0.0595
23.Dec.13,0.0613
24.Dec.13,0.062
26.Dec.13,0.0636
27.Dec.13,0.0637
30.Dec.13,0.0639
31.Dec.13,0.0635
2.Jan.14,0.0642
3.Jan.14,0.064
6.Jan.14,0.0613
7.Jan.14,0.0604
8.Jan.14,0.0592
9.Jan.14,0.0587
10.Jan.14,0.0581
13.Jan.14,0.0553
14.Jan.14,0.0545
15.Jan.14,0.0528
16.Jan.14,0.0512
17.Jan.14,0.0509
20.Jan.14,0.0501
21.Jan.14,0.0498
22.Jan.14,0.05
23.Jan.14,0.0503
24.Jan.14,0.0505
27.Jan.14,0.0513
28.Jan.14,0.0516
29.Jan.14,0.0517
30.Jan.14,0.0518
3.Feb.14,0.0524
4.Feb.14,0.0528
5.Feb.14,0.0526
6.Feb.14,0.0525
7.Feb.14,0.0525
10.Feb.14,0.0525
11.Feb.14,0.0524
12.Feb.14,0.0519
13.Feb.14,0.0502
14.Feb.14,0.0463
17.Feb.14,0.0458
18.Feb.14,0.0458
19.Feb.14,0.0455
20.Feb.14,0.0449
21.Feb.14,0.0443
24.Feb.14,0.0441
25.Feb.14,0.0439
26.Feb.14,0.0437
27.Feb.14,0.0436
28.Feb.14,0.0444
3.Mar.14,0.048
4.Mar.14,0.0481
5.Mar.14,0.0479
6.Mar.14,0.0478
7.Mar.14,0.0479
10.Mar.14,0.0481
11.Mar.14,0.0484
12.Mar.14,0.0488
13.Mar.14,0.0495
14.Mar.14,0.05
17.Mar.14,0.0505
18.Mar.14,0.0507
19.Mar.14,0.0509
20.Mar.14,0.0511
21.Mar.14,0.0508
24.Mar.14,0.0497
25.Mar.14,0.0494
26.Mar.14,0.0492
27.Mar.14,0.0498
28.Mar.14,0.0505
31.Mar.14,0.056
1.Apr.14,0.0575
2.Apr.14,0.0576
3.Apr.14,0.0579
4.Apr.14,0.058
7.Apr.14,0.0585
8.Apr.14,0.0584
9.Apr.14,0.0584
10.Apr.14,0.0583
11.Apr.14,0.0583
14.Apr.14,0.0586
15.Apr.14,0.0585
16.Apr.14,0.0587
17.Apr.14,0.0591
21.Apr.14,0.0601
22.Apr.14,0.0604
23.Apr.14,0.0606
24.Apr.14,0.0611
25.Apr.14,0.0615
28.Apr.14,0.0617
29.Apr.14,0.062
30.Apr.14,0.0623
2.May.14,0.0652
5.May.14,0.0675
6.May.14,0.068
7.May.14,0.0688
8.May.14,0.0692
9.May.14,0.0698
12.May.14,0.0711
14.May.14,0.0729
15.May.14,0.0737
16.May.14,0.0739
19.May.14,0.0742
20.May.14,0.0742
21.May.14,0.0744
22.May.14,0.0748
23.May.14,0.0756
26.May.14,0.0768
27.May.14,0.0768
28.May.14,0.0766
29.May.14,0.0771
30.May.14,0.0775
2.Jun.14,0.0785
3.Jun.14,0.0777
4.Jun.14,0.0774
5.Jun.14,0.0769
6.Jun.14,0.0764
9.Jun.14,0.076
10.Jun.14,0.0759
11.Jun.14,0.0757
12.Jun.14,0.0751
13.Jun.14,0.0747
16.Jun.14,0.0738
17.Jun.14,0.0737
18.Jun.14,0.0736
19.Jun.14,0.0733
20.Jun.14,0.0733
23.Jun.14,0.0753
24.Jun.14,0.0758
25.Jun.14,0.0763
26.Jun.14,0.0772
27.Jun.14,0.0774
30.Jun.14,0.0746
1.Jul.14,0.0718
2.Jul.14,0.0715
3.Jul.14,0.0713
4.Jul.14,0.0712
7.Jul.14,0.0709
8.Jul.14,0.071
9.Jul.14,0.0711
10.Jul.14,0.0711
11.Jul.14,0.0711
14.Jul.14,0.0707
15.Jul.14,0.0707
16.Jul.14,0.0708
17.Jul.14,0.071
18.Jul.14,0.0714
21.Jul.14,0.0739
22.Jul.14,0.0744
23.Jul.14,0.074
24.Jul.14,0.0733
25.Jul.14,0.0728
29.Jul.14,0.0726
30.Jul.14,0.0721
31.Jul.14,0.0719
1.Aug.14,0.071
4.Aug.14,0.0692
5.Aug.14,0.0685
6.Aug.14,0.0682
7.Aug.14,0.0678
8.Aug.14,0.0674
11.Aug.14,0.0669
12.Aug.14,0.0666
13.Aug.14,0.066
14.Aug.14,0.0654
15.Aug.14,0.0648
18.Aug.14,0.0654
19.Aug.14,0.0656
20.Aug.14,0.0658
21.Aug.14,0.0662
22.Aug.14,0.0666
25.Aug.14,0.0695
26.Aug.14,0.0697
27.Aug.14,0.0706
28.Aug.14,0.0711
29.Aug.14,0.0719
1.Sep.14,0.073
2.Sep.14,0.0734
3.Sep.14,0.0742
4.Sep.14,0.0747
5.Sep.14,0.0759
8.Sep.14,0.0773
9.Sep.14,0.0777
10.Sep.14,0.078
11.Sep.14,0.0783
12.Sep.14,0.0785
15.Sep.14,0.0803
16.Sep.14,0.081
17.Sep.14,0.0818
18.Sep.14,0.0821
19.Sep.14,0.0821
22.Sep.14,0.0814
23.Sep.14,0.0809
24.Sep.14,0.0804
25.Sep.14,0.0801
26.Sep.14,0.0793
29.Sep.14,0.0812
30.Sep.14,0.081
1.Oct.14,0.0811
2.Oct.14,0.0813
3.Oct.14,0.0816
7.Oct.14,0.0836
8.Oct.14,0.0837
9.Oct.14,0.0839
10.Oct.14,0.0842
13.Oct.14,0.0847
14.Oct.14,0.085
15.Oct.14,0.0854
16.Oct.14,0.086
17.Oct.14,0.0857
20.Oct.14,0.0839
21.Oct.14,0.083
23.Oct.14,0.083
24.Oct.14,0.0833
27.Oct.14,0.0844
28.Oct.14,0.0845
29.Oct.14,0.0847
30.Oct.14,0.0853
31.Oct.14,0.0855
3.Nov.14,0.0868
4.Nov.14,0.0884
5.Nov.14,0.0896
6.Nov.14,0.091
7.Nov.14,0.093
10.Nov.14,0.0957
11.Nov.14,0.0961
12.Nov.14,0.0968
13.Nov.14,0.0969
14.Nov.14,0.097
17.Nov.14,0.0973
18.Nov.14,0.0975
19.Nov.14,0.0976
20.Nov.14,0.0981
21.Nov.14,0.0983
24.Nov.14,0.0978
25.Nov.14,0.0974
26.Nov.14,0.0982
27.Nov.14,0.098
28.Nov.14,0.0981
1.Dec.14,0.0979
2.Dec.14,0.0969
3.Dec.14,0.0962
4.Dec.14,0.0963
5.Dec.14,0.0959
8.Dec.14,0.0975
9.Dec.14,0.0987
10.Dec.14,0.0998
11.Dec.14,0.1005
12.Dec.14,0.1006
15.Dec.14,0.0998
16.Dec.14,0.0996
17.Dec.14,0.0994
18.Dec.14,0.0996
19.Dec.14,0.1013
22.Dec.14,0.1093
23.Dec.14,0.1112
24.Dec.14,0.1124
26.Dec.14,0.1116
29.Dec.14,0.1112
30.Dec.14,0.1131
31.Dec.14,0.1146
2.Jan.15,0.1183
5.Jan.15,0.1215
6.Jan.15,0.1239
7.Jan.15,0.125
8.Jan.15,0.1256
9.Jan.15,0.1259
12.Jan.15,0.1285
13.Jan.15,0.1295
14.Jan.15,0.1299
15.Jan.15,0.13
16.Jan.15,0.1299
19.Jan.15,0.1291
20.Jan.15,0.1289
21.Jan.15,0.129
22.Jan.15,0.1287
23.Jan.15,0.1286
26.Jan.15,0.1283
27.Jan.15,0.1284
28.Jan.15,0.1292
29.Jan.15,0.1321
30.Jan.15,0.1341
2.Feb.15,0.1433
3.Feb.15,0.1449
4.Feb.15,0.1441
5.Feb.15,0.1437
6.Feb.15,0.1445
9.Feb.15,0.1453
10.Feb.15,0.1471
11.Feb.15,0.1492
12.Feb.15,0.1507
13.Feb.15,0.1527
16.Feb.15,0.1574
17.Feb.15,0.1585
18.Feb.15,0.1606
23.Feb.15,0.1812
24.Feb.15,0.1849
25.Feb.15,0.1882
26.Feb.15,0.1895
27.Feb.15,0.1915
2.Mar.15,0.1981
3.Mar.15,0.2019
4.Mar.15,0.2046
5.Mar.15,0.2064
6.Mar.15,0.2064
9.Mar.15,0.2071
10.Mar.15,0.2075
11.Mar.15,0.208
12.Mar.15,0.2094
13.Mar.15,0.2099
16.Mar.15,0.211
17.Mar.15,0.2113
18.Mar.15,0.2124
19.Mar.15,0.2141
20.Mar.15,0.2152
23.Mar.15,0.2257
24.Mar.15,0.23
25.Mar.15,0.2315
26.Mar.15,0.2323
27.Mar.15,0.2331
30.Mar.15,0.2337
31.Mar.15,0.2325
1.Apr.15,0.2331
2.Apr.15,0.2328
6.Apr.15,0.2349
7.Apr.15,0.2378
8.Apr.15,0.242
9.Apr.15,0.2455
10.Apr.15,0.2476
13.Apr.15,0.2508
14.Apr.15,0.2519
15.Apr.15,0.2524
16.Apr.15,0.2526
17.Apr.15,0.2527
20.Apr.15,0.2533
21.Apr.15,0.2536
22.Apr.15,0.2552
23.Apr.15,0.2568
24.Apr.15,0.2584
27.Apr.15,0.265
28.Apr.15,0.2661
29.Apr.15,0.2663
30.Apr.15,0.2664
4.May.15,0.2619
5.May.15,0.266
6.May.15,0.269
7.May.15,0.2736
8.May.15,0.2772
11.May.15,0.2764
12.May.15,0.2748
13.May.15,0.2727
14.May.15,0.2707
15.May.15,0.2687
18.May.15,0.2634
19.May.15,0.2586
20.May.15,0.2539
21.May.15,0.2494
22.May.15,0.2451
25.May.15,0.2342
26.May.15,0.233
27.May.15,0.2323
28.May.15,0.2319
29.May.15,0.2318
2.Jun.15,0.2362
3.Jun.15,0.2352
4.Jun.15,0.2351
5.Jun.15,0.2346
8.Jun.15,0.2339
9.Jun.15,0.2331
10.Jun.15,0.2317
11.Jun.15,0.2305
12.Jun.15,0.2293
15.Jun.15,0.2278
16.Jun.15,0.2275
17.Jun.15,0.2269
18.Jun.15,0.2257
19.Jun.15,0.2228
22.Jun.15,0.2107
23.Jun.15,0.2079
24.Jun.15,0.2046
25.Jun.15,0.2052
26.Jun.15,0.2058
29.Jun.15,0.2116
30.Jun.15,0.2204
1.Jul.15,0.229
2.Jul.15,0.2329
3.Jul.15,0.2359
6.Jul.15,0.2364
7.Jul.15,0.2342
8.Jul.15,0.2305
9.Jul.15,0.2268
10.Jul.15,0.2236
13.Jul.15,0.2174
14.Jul.15,0.2159
15.Jul.15,0.2158
16.Jul.15,0.2169
20.Jul.15,0.2278
21.Jul.15,0.2298
22.Jul.15,0.23
23.Jul.15,0.2291
24.Jul.15,0.2285
27.Jul.15,0.226
28.Jul.15,0.2265
29.Jul.15,0.225
30.Jul.15,0.2244
31.Jul.15,0.2247
3.Aug.15,0.2248
4.Aug.15,0.224
5.Aug.15,0.2207
6.Aug.15,0.2172
11.Aug.15,0.2033
12.Aug.15,0.2036
13.Aug.15,0.204
14.Aug.15,0.2049
17.Aug.15,0.206
18.Aug.15,0.2062
19.Aug.15,0.2074
20.Aug.15,0.2082
21.Aug.15,0.2085
24.Aug.15,0.2135
25.Aug.15,0.2191
26.Aug.15,0.2306
27.Aug.15,0.2367
28.Aug.15,0.2365
31.Aug.15,0.232
1.Sep.15,0.2331
2.Sep.15,0.2311
3.Sep.15,0.2292
4.Sep.15,0.2263
7.Sep.15,0.2232
8.Sep.15,0.2228
9.Sep.15,0.2241
10.Sep.15,0.2246
14.Sep.15,0.2351
15.Sep.15,0.2367
16.Sep.15,0.238
17.Sep.15,0.2395
18.Sep.15,0.2412
21.Sep.15,0.2426
22.Sep.15,0.2422
23.Sep.15,0.2405
25.Sep.15,0.2377
28.Sep.15,0.234
29.Sep.15,0.2322
30.Sep.15,0.2226
1.Oct.15,0.214
2.Oct.15,0.2094
5.Oct.15,0.2084
6.Oct.15,0.2085
7.Oct.15,0.2088
8.Oct.15,0.2086
9.Oct.15,0.2088
12.Oct.15,0.2084
13.Oct.15,0.2083
14.Oct.15,0.2079
15.Oct.15,0.2068
16.Oct.15,0.2051
19.Oct.15,0.2018
20.Oct.15,0.201
21.Oct.15,0.1991
22.Oct.15,0.1985
23.Oct.15,0.2004
26.Oct.15,0.2126
27.Oct.15,0.2146
28.Oct.15,0.2159
29.Oct.15,0.2208
30.Oct.15,0.2271
2.Nov.15,0.2521
3.Nov.15,0.2573
4.Nov.15,0.2586
5.Nov.15,0.2579
6.Nov.15,0.2586
9.Nov.15,0.2602
11.Nov.15,0.2624
12.Nov.15,0.2617
13.Nov.15,0.2628
16.Nov.15,0.2799
17.Nov.15,0.2857
18.Nov.15,0.2909
19.Nov.15,0.294
20.Nov.15,0.2946
23.Nov.15,0.297
24.Nov.15,0.299
25.Nov.15,0.2998
26.Nov.15,0.2907
27.Nov.15,0.2867
30.Nov.15,0.302
1.Dec.15,0.3049
2.Dec.15,0.3071
3.Dec.15,0.3101
4.Dec.15,0.3123
7.Dec.15,0.3202
8.Dec.15,0.3218
9.Dec.15,0.3223
10.Dec.15,0.3234
11.Dec.15,0.3215
14.Dec.15,0.3195
15.Dec.15,0.32
16.Dec.15,0.3211
17.Dec.15,0.3228
18.Dec.15,0.324
21.Dec.15,0.324
22.Dec.15,0.3241
23.Dec.15,0.3241
24.Dec.15,0.3256
28.Dec.15,0.3267
29.Dec.15,0.3278
30.Dec.15,0.3288
31.Dec.15,0.3282
4.Jan.16,0.3483
5.Jan.16,0.3493
6.Jan.16,0.3486
7.Jan.16,0.3508
8.Jan.16,0.356
11.Jan.16,0.3761
12.Jan.16,0.3858
13.Jan.16,0.3923
14.Jan.16,0.3979
15.Jan.16,0.3995
18.Jan.16,0.3994
19.Jan.16,0.4007
20.Jan.16,0.4013
21.Jan.16,0.4029
22.Jan.16,0.4025
25.Jan.16,0.392
26.Jan.16,0.3875
27.Jan.16,0.3851
28.Jan.16,0.3822
29.Jan.16,0.3769
1.Feb.16,0.3526
2.Feb.16,0.3434
3.Feb.16,0.3387
4.Feb.16,0.3383
5.Feb.16,0.3398
10.Feb.16,0.3464
11.Feb.16,0.3457
12.Feb.16,0.3458
15.Feb.16,0.3354
16.Feb.16,0.33
17.Feb.16,0.3257
18.Feb.16,0.3233
19.Feb.16,0.3221
22.Feb.16,0.3223
23.Feb.16,0.323
24.Feb.16,0.3213
25.Feb.16,0.3174
26.Feb.16,0.3169
29.Feb.16,0.3086
1.Mar.16,0.3027
2.Mar.16,0.3036
3.Mar.16,0.3037
4.Mar.16,0.3052
7.Mar.16,0.3045
8.Mar.16,0.3052
9.Mar.16,0.3063
10.Mar.16,0.3073
11.Mar.16,0.3095
14.Mar.16,0.3112
15.Mar.16,0.3118
16.Mar.16,0.3117
17.Mar.16,0.3107
18.Mar.16,0.309
21.Mar.16,0.3105
22.Mar.16,0.312
23.Mar.16,0.3128
24.Mar.16,0.3125
28.Mar.16,0.3161
29.Mar.16,0.3161
30.Mar.16,0.3157
31.Mar.16,0.3139
1.Apr.16,0.3075
4.Apr.16,0.2921
5.Apr.16,0.2907
6.Apr.16,0.2917
7.Apr.16,0.2887
8.Apr.16,0.2842
11.Apr.16,0.2688
12.Apr.16,0.261
13.Apr.16,0.2554
14.Apr.16,0.251
15.Apr.16,0.2526
18.Apr.16,0.2595
19.Apr.16,0.2587
20.Apr.16,0.259
21.Apr.16,0.26
22.Apr.16,0.264
25.Apr.16,0.2812
26.Apr.16,0.2861
27.Apr.16,0.2917
28.Apr.16,0.2972
29.Apr.16,0.2987
3.May.16,0.309
4.May.16,0.312
5.May.16,0.3113
6.May.16,0.3095
9.May.16,0.3093
10.May.16,0.3091
11.May.16,0.309
12.May.16,0.3087
13.May.16,0.308
16.May.16,0.3059
17.May.16,0.3043
18.May.16,0.3013
19.May.16,0.2988
20.May.16,0.2978
23.May.16,0.2924
24.May.16,0.2919
25.May.16,0.2903
26.May.16,0.2902
27.May.16,0.2891
30.May.16,0.2859
31.May.16,0.2867
1.Jun.16,0.2836
2.Jun.16,0.2809
3.Jun.16,0.2773
6.Jun.16,0.2706
7.Jun.16,0.2694
8.Jun.16,0.2668
9.Jun.16,0.2634
10.Jun.16,0.2608
13.Jun.16,0.2544
14.Jun.16,0.2522
15.Jun.16,0.2495
16.Jun.16,0.2469
17.Jun.16,0.2447
20.Jun.16,0.2401
21.Jun.16,0.2384
22.Jun.16,0.236
23.Jun.16,0.2336
24.Jun.16,0.2316
27.Jun.16,0.2253
28.Jun.16,0.2232
29.Jun.16,0.2208
30.Jun.16,0.221
1.Jul.16,0.2257
4.Jul.16,0.2223
5.Jul.16,0.2207
7.Jul.16,0.2175
8.Jul.16,0.2162
11.Jul.16,0.2121
12.Jul.16,0.2105
13.Jul.16,0.2098
14.Jul.16,0.2088
15.Jul.16,0.2061
18.Jul.16,0.1979
19.Jul.16,0.1958
20.Jul.16,0.1931
21.Jul.16,0.1909
22.Jul.16,0.191
25.Jul.16,0.1802
26.Jul.16,0.1806
27.Jul.16,0.1819
28.Jul.16,0.1846
29.Jul.16,0.1892
1.Aug.16,0.1903
2.Aug.16,0.1879
3.Aug.16,0.1842
4.Aug.16,0.179
5.Aug.16,0.177
8.Aug.16,0.1694
10.Aug.16,0.1633
11.Aug.16,0.162
12.Aug.16,0.1616
15.Aug.16,0.159
16.Aug.16,0.1585
17.Aug.16,0.1585
18.Aug.16,0.1589
19.Aug.16,0.1588
22.Aug.16,0.1559
23.Aug.16,0.155
24.Aug.16,0.1529
25.Aug.16,0.1509
26.Aug.16,0.1482
29.Aug.16,0.1465
30.Aug.16,0.148
31.Aug.16,0.1457
1.Sep.16,0.1473
2.Sep.16,0.1457
5.Sep.16,0.1447
6.Sep.16,0.1443
7.Sep.16,0.1431
8.Sep.16,0.1428
9.Sep.16,0.1424
13.Sep.16,0.1393
14.Sep.16,0.1387
15.Sep.16,0.139
16.Sep.16,0.1389
19.Sep.16,0.1381
20.Sep.16,0.1378
21.Sep.16,0.1375
22.Sep.16,0.1373
23.Sep.16,0.1373
26.Sep.16,0.1368
27.Sep.16,0.1367
28.Sep.16,0.1366
29.Sep.16,0.1371
30.Sep.16,0.1371
3.Oct.16,0.1331
4.Oct.16,0.1321
5.Oct.16,0.131
6.Oct.16,0.1303
7.Oct.16,0.1298
10.Oct.16,0.1312
11.Oct.16,0.1314
12.Oct.16,0.132
13.Oct.16,0.1325
14.Oct.16,0.1324
17.Oct.16,0.1317
18.Oct.16,0.1307
19.Oct.16,0.1303
20.Oct.16,0.1302
21.Oct.16,0.1291
24.Oct.16,0.1214
25.Oct.16,0.1196
26.Oct.16,0.1136
27.Oct.16,0.1059
28.Oct.16,0.097
31.Oct.16,0.0839
1.Nov.16,0.0807
2.Nov.16,0.0794
3.Nov.16,0.0794
4.Nov.16,0.0796
7.Nov.16,0.0816
8.Nov.16,0.082
9.Nov.16,0.0828
10.Nov.16,0.0835
11.Nov.16,0.0842
14.Nov.16,0.0848
15.Nov.16,0.0857
16.Nov.16,0.086
17.Nov.16,0.0861
18.Nov.16,0.0853
21.Nov.16,0.0841
22.Nov.16,0.0845
23.Nov.16,0.0847
24.Nov.16,0.0847
25.Nov.16,0.0851
28.Nov.16,0.0906
29.Nov.16,0.0907
30.Nov.16,0.0894
1.Dec.16,0.0854
2.Dec.16,0.0849
5.Dec.16,0.0838
6.Dec.16,0.084
7.Dec.16,0.0847
8.Dec.16,0.0851
9.Dec.16,0.0861
12.Dec.16,0.089
13.Dec.16,0.0904
14.Dec.16,0.0942
15.Dec.16,0.0975
16.Dec.16,0.1014
19.Dec.16,0.108
20.Dec.16,0.1115
21.Dec.16,0.1143
22.Dec.16,0.1163
23.Dec.16,0.1169
27.Dec.16,0.1235
28.Dec.16,0.1258
29.Dec.16,0.1288
30.Dec.16,0.1313
3.Jan.17,0.1458
4.Jan.17,0.1478
5.Jan.17,0.1488
6.Jan.17,0.1494
9.Jan.17,0.1498
10.Jan.17,0.149
11.Jan.17,0.1485
12.Jan.17,0.1476
13.Jan.17,0.147
16.Jan.17,0.149
17.Jan.17,0.1493
18.Jan.17,0.1507
19.Jan.17,0.1518
20.Jan.17,0.1523
23.Jan.17,0.1502
24.Jan.17,0.1493
25.Jan.17,0.1482
26.Jan.17,0.148
27.Jan.17,0.1493
31.Jan.17,0.1681
1.Feb.17,0.1688
2.Feb.17,0.1693
3.Feb.17,0.1706
6.Feb.17,0.182
7.Feb.17,0.1848
8.Feb.17,0.1855
9.Feb.17,0.1863
10.Feb.17,0.189
13.Feb.17,0.2051
14.Feb.17,0.2123
15.Feb.17,0.2154
16.Feb.17,0.2162
17.Feb.17,0.2165
20.Feb.17,0.2203
21.Feb.17,0.2215
22.Feb.17,0.2259
23.Feb.17,0.2316
24.Feb.17,0.2371
27.Feb.17,0.2365
28.Feb.17,0.2364
1.Mar.17,0.2413
2.Mar.17,0.2442
3.Mar.17,0.2455
6.Mar.17,0.2494
7.Mar.17,0.2507
8.Mar.17,0.2515
9.Mar.17,0.2509
10.Mar.17,0.251
13.Mar.17,0.2517
14.Mar.17,0.2486
15.Mar.17,0.246
16.Mar.17,0.243
17.Mar.17,0.2442
20.Mar.17,0.2509
21.Mar.17,0.2545
22.Mar.17,0.2558
23.Mar.17,0.2582
24.Mar.17,0.2572
27.Mar.17,0.2592
28.Mar.17,0.2585
29.Mar.17,0.2562
30.Mar.17,0.257
31.Mar.17,0.2567
3.Apr.17,0.2604
4.Apr.17,0.2655
5.Apr.17,0.2683
6.Apr.17,0.2705
7.Apr.17,0.2717
10.Apr.17,0.2748
11.Apr.17,0.2774
12.Apr.17,0.2811
13.Apr.17,0.2859
17.Apr.17,0.3118
18.Apr.17,0.3148
19.Apr.17,0.3174
20.Apr.17,0.319
21.Apr.17,0.3224
24.Apr.17,0.3362
25.Apr.17,0.3402
26.Apr.17,0.3448
27.Apr.17,0.3494
28.Apr.17,0.348
2.May.17,0.3518
3.May.17,0.3545
4.May.17,0.3557
5.May.17,0.3555
8.May.17,0.3615
9.May.17,0.3654
11.May.17,0.3666
12.May.17,0.3662
15.May.17,0.3673
16.May.17,0.3713
17.May.17,0.3784
18.May.17,0.383
19.May.17,0.387
22.May.17,0.3964
23.May.17,0.3959
24.May.17,0.3941
25.May.17,0.3962
26.May.17,0.3975
29.May.17,0.4021
30.May.17,0.4017
31.May.17,0.4021
1.Jun.17,0.4018
2.Jun.17,0.4025
5.Jun.17,0.4153
6.Jun.17,0.4201
7.Jun.17,0.4253
8.Jun.17,0.4328
9.Jun.17,0.4372
12.Jun.17,0.4411
13.Jun.17,0.442
14.Jun.17,0.4419
15.Jun.17,0.4416
16.Jun.17,0.442
19.Jun.17,0.4321
20.Jun.17,0.4285
21.Jun.17,0.4234
22.Jun.17,0.4226
23.Jun.17,0.4241
27.Jun.17,0.4635
28.Jun.17,0.4689
29.Jun.17,0.4768
30.Jun.17,0.4846
3.Jul.17,0.4935
4.Jul.17,0.495
5.Jul.17,0.5042
6.Jul.17,0.5143
7.Jul.17,0.5222
10.Jul.17,0.5551
11.Jul.17,0.5652
12.Jul.17,0.5728
13.Jul.17,0.5785
14.Jul.17,0.5768
17.Jul.17,0.5663
18.Jul.17,0.565
19.Jul.17,0.5639
20.Jul.17,0.5658
21.Jul.17,0.5682
24.Jul.17,0.5753
25.Jul.17,0.579
26.Jul.17,0.5822
27.Jul.17,0.5837
28.Jul.17,0.5858
31.Jul.17,0.5935
1.Aug.17,0.5993
2.Aug.17,0.6041
3.Aug.17,0.6094
4.Aug.17,0.6104
7.Aug.17,0.6184
8.Aug.17,0.6187
10.Aug.17,0.6173
11.Aug.17,0.6162
14.Aug.17,0.6132
15.Aug.17,0.6142
16.Aug.17,0.6162
17.Aug.17,0.6167
18.Aug.17,0.6177
21.Aug.17,0.6267
22.Aug.17,0.6299
23.Aug.17,0.6336
24.Aug.17,0.6397
25.Aug.17,0.6463
28.Aug.17,0.6736
29.Aug.17,0.6811
30.Aug.17,0.6835
31.Aug.17,0.6819
4.Sep.17,0.6832
5.Sep.17,0.6865
6.Sep.17,0.6895
7.Sep.17,0.6898
8.Sep.17,0.6873
11.Sep.17,0.6997
12.Sep.17,0.7057
13.Sep.17,0.711
14.Sep.17,0.7149
15.Sep.17,0.7172
18.Sep.17,0.7215
19.Sep.17,0.7256
20.Sep.17,0.7294
21.Sep.17,0.7352
22.Sep.17,0.7393
25.Sep.17,0.7328
26.Sep.17,0.7269
27.Sep.17,0.7207
28.Sep.17,0.7199
29.Sep.17,0.716
2.Oct.17,0.7045
3.Oct.17,0.702
4.Oct.17,0.6992
5.Oct.17,0.6899
6.Oct.17,0.6816
9.Oct.17,0.6657
10.Oct.17,0.6597
11.Oct.17,0.6531
12.Oct.17,0.6488
13.Oct.17,0.6455
16.Oct.17,0.6535
17.Oct.17,0.6568
19.Oct.17,0.6657
20.Oct.17,0.6721
23.Oct.17,0.6954
24.Oct.17,0.7031
25.Oct.17,0.708
26.Oct.17,0.714
27.Oct.17,0.7182
30.Oct.17,0.7326
31.Oct.17,0.7374
1.Nov.17,0.7386
2.Nov.17,0.7403
3.Nov.17,0.7384
6.Nov.17,0.7436
7.Nov.17,0.7438
8.Nov.17,0.7463
9.Nov.17,0.7503
10.Nov.17,0.7545
13.Nov.17,0.773
14.Nov.17,0.7756
15.Nov.17,0.7757
16.Nov.17,0.7741
17.Nov.17,0.7716
20.Nov.17,0.7645
21.Nov.17,0.7609
22.Nov.17,0.7543
23.Nov.17,0.7464
24.Nov.17,0.7397
27.Nov.17,0.719
28.Nov.17,0.7127
29.Nov.17,0.7089
30.Nov.17,0.7155
1.Dec.17,0.7284
4.Dec.17,0.7512
5.Dec.17,0.7525
6.Dec.17,0.7518
7.Dec.17,0.7518
8.Dec.17,0.7533
11.Dec.17,0.7557
12.Dec.17,0.7558
13.Dec.17,0.7581
14.Dec.17,0.7624
15.Dec.17,0.7672
18.Dec.17,0.7825
19.Dec.17,0.7859
20.Dec.17,0.7906
21.Dec.17,0.7933
22.Dec.17,0.7972
26.Dec.17,0.8233
27.Dec.17,0.8303
28.Dec.17,0.8335
29.Dec.17,0.8358
2.Jan.18,0.8446
3.Jan.18,0.8468
4.Jan.18,0.8519
5.Jan.18,0.8545
8.Jan.18,0.8474
9.Jan.18,0.8413
10.Jan.18,0.835
11.Jan.18,0.8301
12.Jan.18,0.8234
15.Jan.18,0.8157
16.Jan.18,0.81
17.Jan.18,0.8034
18.Jan.18,0.7974
19.Jan.18,0.7908
22.Jan.18,0.7719
23.Jan.18,0.7639
24.Jan.18,0.7505
25.Jan.18,0.7386
26.Jan.18,0.7247
29.Jan.18,0.6944
30.Jan.18,0.6853
31.Jan.18,0.6798
1.Feb.18,0.6769
2.Feb.18,0.674
5.Feb.18,0.6802
6.Feb.18,0.6772
7.Feb.18,0.6762
8.Feb.18,0.6753
9.Feb.18,0.6755
12.Feb.18,0.6882
13.Feb.18,0.6924
14.Feb.18,0.6969
15.Feb.18,0.6962
19.Feb.18,0.6976
20.Feb.18,0.6998
21.Feb.18,0.7045
22.Feb.18,0.7139
23.Feb.18,0.7254
26.Feb.18,0.7618
27.Feb.18,0.7739
28.Feb.18,0.7832
1.Mar.18,0.7711
2.Mar.18,0.7618
5.Mar.18,0.7432
6.Mar.18,0.7434
7.Mar.18,0.7434
8.Mar.18,0.7459
9.Mar.18,0.7463
12.Mar.18,0.7474
13.Mar.18,0.7458
14.Mar.18,0.743
15.Mar.18,0.7412
16.Mar.18,0.7393
19.Mar.18,0.7232
20.Mar.18,0.7191
21.Mar.18,0.7163
22.Mar.18,0.7153
23.Mar.18,0.7096
26.Mar.18,0.6925
27.Mar.18,0.6867
28.Mar.18,0.684
29.Mar.18,0.682
2.Apr.18,0.6786
3.Apr.18,0.6773
4.Apr.18,0.6724
5.Apr.18,0.6704
6.Apr.18,0.6683
9.Apr.18,0.666
10.Apr.18,0.6674
11.Apr.18,0.6689
12.Apr.18,0.6713
13.Apr.18,0.6695
16.Apr.18,0.6699
17.Apr.18,0.6727
18.Apr.18,0.6756
19.Apr.18,0.6795
20.Apr.18,0.6839
23.Apr.18,0.7063
24.Apr.18,0.7169
25.Apr.18,0.7253
26.Apr.18,0.7343
27.Apr.18,0.7432
30.Apr.18,0.7942
2.May.18,0.8108
3.May.18,0.8121
4.May.18,0.8133
7.May.18,0.8288
8.May.18,0.8372
9.May.18,0.8456
10.May.18,0.8479
11.May.18,0.8442
14.May.18,0.8306
15.May.18,0.835
16.May.18,0.8363
17.May.18,0.8368
18.May.18,0.8349
21.May.18,0.8249
22.May.18,0.8199
23.May.18,0.8138
24.May.18,0.8103
25.May.18,0.804
28.May.18,0.7981
30.May.18,0.8139
31.May.18,0.822
1.Jun.18,0.8277
4.Jun.18,0.8435
5.Jun.18,0.8528
6.Jun.18,0.8601
7.Jun.18,0.8679
8.Jun.18,0.8695
11.Jun.18,0.8793
12.Jun.18,0.8822
13.Jun.18,0.8823
14.Jun.18,0.8822
18.Jun.18,0.896
19.Jun.18,0.8986
20.Jun.18,0.8967
21.Jun.18,0.8948
22.Jun.18,0.891
25.Jun.18,0.8814
26.Jun.18,0.8806
27.Jun.18,0.8834
28.Jun.18,0.8846
29.Jun.18,0.8872
2.Jul.18,0.9068
3.Jul.18,0.9103
4.Jul.18,0.9138
5.Jul.18,0.9183
6.Jul.18,0.9263
9.Jul.18,0.9683
10.Jul.18,0.982
11.Jul.18,0.9945
12.Jul.18,1.0066
13.Jul.18,1.017
16.Jul.18,1.0443
17.Jul.18,1.0532
18.Jul.18,1.0574
19.Jul.18,1.0621
20.Jul.18,1.061
23.Jul.18,1.0516
24.Jul.18,1.0547
25.Jul.18,1.0605
26.Jul.18,1.0619
27.Jul.18,1.0641
30.Jul.18,1.0555
31.Jul.18,1.0611
1.Aug.18,1.0639
2.Aug.18,1.0675
3.Aug.18,1.0737
6.Aug.18,1.0955
7.Aug.18,1.1027
8.Aug.18,1.1032
10.Aug.18,1.0982
13.Aug.18,1.1146
14.Aug.18,1.1244
15.Aug.18,1.1292
16.Aug.18,1.1399
17.Aug.18,1.1442
20.Aug.18,1.1559
21.Aug.18,1.1591
23.Aug.18,1.1709
24.Aug.18,1.1699
27.Aug.18,1.1784
28.Aug.18,1.1794
29.Aug.18,1.1781
30.Aug.18,1.1764
31.Aug.18,1.1715
3.Sep.18,1.1723
4.Sep.18,1.1719
5.Sep.18,1.1678
6.Sep.18,1.1578
7.Sep.18,1.1493
10.Sep.18,1.1386
11.Sep.18,1.1334
12.Sep.18,1.1282
13.Sep.18,1.129
14.Sep.18,1.1318
17.Sep.18,1.1403
18.Sep.18,1.1457
19.Sep.18,1.1537
20.Sep.18,1.1635
21.Sep.18,1.1733
24.Sep.18,1.2033
25.Sep.18,1.2104
26.Sep.18,1.2162
27.Sep.18,1.2179
28.Sep.18,1.2199
1.Oct.18,1.2178
2.Oct.18,1.2161
3.Oct.18,1.2172
4.Oct.18,1.2193
5.Oct.18,1.2241
8.Oct.18,1.2248
9.Oct.18,1.2208
10.Oct.18,1.2178
11.Oct.18,1.2134
12.Oct.18,1.2104
15.Oct.18,1.2091
16.Oct.18,1.2081
17.Oct.18,1.2057
18.Oct.18,1.2084
19.Oct.18,1.2112
22.Oct.18,1.2203
23.Oct.18,1.2221
24.Oct.18,1.2199
25.Oct.18,1.2192
26.Oct.18,1.2231
29.Oct.18,1.2196
30.Oct.18,1.2175
31.Oct.18,1.215
1.Nov.18,1.2119
2.Nov.18,1.2089
5.Nov.18,1.2022
7.Nov.18,1.1918
8.Nov.18,1.1897
9.Nov.18,1.1893
12.Nov.18,1.1853
13.Nov.18,1.1833
14.Nov.18,1.1777
15.Nov.18,1.1749
16.Nov.18,1.1726
19.Nov.18,1.2054
20.Nov.18,1.2177
21.Nov.18,1.2261
22.Nov.18,1.2314
23.Nov.18,1.2347
26.Nov.18,1.2392
27.Nov.18,1.2383
28.Nov.18,1.2368
29.Nov.18,1.2363
30.Nov.18,1.2412
3.Dec.18,1.2724
4.Dec.18,1.2829
5.Dec.18,1.2889
6.Dec.18,1.296
7.Dec.18,1.2936
10.Dec.18,1.3049
11.Dec.18,1.31
12.Dec.18,1.3176
13.Dec.18,1.3259
14.Dec.18,1.3342
17.Dec.18,1.3521
18.Dec.18,1.3544
19.Dec.18,1.3579
20.Dec.18,1.3645
21.Dec.18,1.3715
24.Dec.18,1.3928
26.Dec.18,1.4099
27.Dec.18,1.422
28.Dec.18,1.4297
31.Dec.18,1.4504
2.Jan.19,1.4639
3.Jan.19,1.466
4.Jan.19,1.4643
7.Jan.19,1.464
8.Jan.19,1.4626
9.Jan.19,1.4631
10.Jan.19,1.4635
11.Jan.19,1.4643
14.Jan.19,1.4638
15.Jan.19,1.4633
16.Jan.19,1.4632
17.Jan.19,1.4678
18.Jan.19,1.4736
21.Jan.19,1.4866
22.Jan.19,1.4882
23.Jan.19,1.4939
24.Jan.19,1.5009
25.Jan.19,1.5072
28.Jan.19,1.5219
29.Jan.19,1.5278
30.Jan.19,1.5342
31.Jan.19,1.5406
1.Feb.19,1.5455
4.Feb.19,1.5486
7.Feb.19,1.5595
8.Feb.19,1.5637
11.Feb.19,1.5816
12.Feb.19,1.5871
13.Feb.19,1.5932
14.Feb.19,1.5982
15.Feb.19,1.6034
18.Feb.19,1.5972
19.Feb.19,1.5937
20.Feb.19,1.5913
21.Feb.19,1.5916
22.Feb.19,1.5896
25.Feb.19,1.5947
26.Feb.19,1.5956
27.Feb.19,1.5969
28.Feb.19,1.5975
1.Mar.19,1.5944
4.Mar.19,1.5897
5.Mar.19,1.5877
6.Mar.19,1.5884
7.Mar.19,1.5967
8.Mar.19,1.598
11.Mar.19,1.5972
12.Mar.19,1.5953
13.Mar.19,1.5886
14.Mar.19,1.5828
15.Mar.19,1.5773
18.Mar.19,1.5679
19.Mar.19,1.564
20.Mar.19,1.5586
21.Mar.19,1.5538
22.Mar.19,1.5491
25.Mar.19,1.5363
26.Mar.19,1.5322
27.Mar.19,1.5267
28.Mar.19,1.5283
29.Mar.19,1.5284
1.Apr.19,1.5423
2.Apr.19,1.5399
3.Apr.19,1.5428
4.Apr.19,1.5488
5.Apr.19,1.5507
8.Apr.19,1.5677
9.Apr.19,1.5751
10.Apr.19,1.5817
11.Apr.19,1.5887
12.Apr.19,1.5944
15.Apr.19,1.6123
16.Apr.19,1.618
17.Apr.19,1.6212
18.Apr.19,1.6218
22.Apr.19,1.6291
23.Apr.19,1.6295
24.Apr.19,1.6279
25.Apr.19,1.6255
26.Apr.19,1.6255
29.Apr.19,1.6217
30.Apr.19,1.6214
2.May.19,1.6249
3.May.19,1.6282
6.May.19,1.6365
7.May.19,1.6393
8.May.19,1.6451
9.May.19,1.6471
10.May.19,1.6458
13.May.19,1.6459
14.May.19,1.6456
15.May.19,1.6479
16.May.19,1.6499
17.May.19,1.6529
21.May.19,1.6731
22.May.19,1.6749
23.May.19,1.6753
24.May.19,1.6724
27.May.19,1.6744
28.May.19,1.6772
29.May.19,1.679
30.May.19,1.6816
31.May.19,1.6807
3.Jun.19,1.6846
4.Jun.19,1.6844
6.Jun.19,1.6897
7.Jun.19,1.6914
10.Jun.19,1.7179
11.Jun.19,1.7273
12.Jun.19,1.7378
13.Jun.19,1.7467
14.Jun.19,1.7478
17.Jun.19,1.7514
18.Jun.19,1.7515
19.Jun.19,1.7534
20.Jun.19,1.7515
21.Jun.19,1.748
24.Jun.19,1.7461
25.Jun.19,1.7452
26.Jun.19,1.7434
27.Jun.19,1.7398
28.Jun.19,1.735
1.Jul.19,1.715
2.Jul.19,1.715
3.Jul.19,1.7156
4.Jul.19,1.7162
5.Jul.19,1.7151
8.Jul.19,1.7082
9.Jul.19,1.7043
10.Jul.19,1.7005
11.Jul.19,1.6973
12.Jul.19,1.6933
15.Jul.19,1.683
16.Jul.19,1.6805
17.Jul.19,1.6773
18.Jul.19,1.6759
19.Jul.19,1.674
22.Jul.19,1.6742
23.Jul.19,1.674
24.Jul.19,1.6738
25.Jul.19,1.6732
26.Jul.19,1.671
29.Jul.19,1.6702
30.Jul.19,1.6687
31.Jul.19,1.6718
1.Aug.19,1.6703
2.Aug.19,1.6661
5.Aug.19,1.6578
6.Aug.19,1.6556
7.Aug.19,1.6545
8.Aug.19,1.6487
13.Aug.19,1.6483
14.Aug.19,1.648
15.Aug.19,1.6462
16.Aug.19,1.6438
19.Aug.19,1.6328
20.Aug.19,1.6258
21.Aug.19,1.6175
22.Aug.19,1.6135
23.Aug.19,1.6081
26.Aug.19,1.5972
27.Aug.19,1.5933
28.Aug.19,1.5907
29.Aug.19,1.5886
30.Aug.19,1.5886
2.Sep.19,1.5875
3.Sep.19,1.5827
4.Sep.19,1.5796
5.Sep.19,1.5786
6.Sep.19,1.5782
9.Sep.19,1.5733
10.Sep.19,1.5708
11.Sep.19,1.5673
12.Sep.19,1.5621
13.Sep.19,1.558
16.Sep.19,1.5657
17.Sep.19,1.5686
18.Sep.19,1.5704
19.Sep.19,1.5682
20.Sep.19,1.5628
23.Sep.19,1.5368
24.Sep.19,1.5276
25.Sep.19,1.5237
26.Sep.19,1.5248
27.Sep.19,1.5274
30.Sep.19,1.5273
1.Oct.19,1.5278
2.Oct.19,1.5263
3.Oct.19,1.525
4.Oct.19,1.5223
7.Oct.19,1.5108
8.Oct.19,1.5063
9.Oct.19,1.5013
10.Oct.19,1.4972
11.Oct.19,1.4943
14.Oct.19,1.493
15.Oct.19,1.4898
16.Oct.19,1.4868
17.Oct.19,1.4854
18.Oct.19,1.483
21.Oct.19,1.4686
22.Oct.19,1.464
23.Oct.19,1.4602
24.Oct.19,1.4591
25.Oct.19,1.4576
29.Oct.19,1.4627
30.Oct.19,1.4627
31.Oct.19,1.4599
1.Nov.19,1.4567
4.Nov.19,1.4448
5.Nov.19,1.4379
6.Nov.19,1.4282
7.Nov.19,1.4162
8.Nov.19,1.4045
11.Nov.19,1.3701
12.Nov.19,1.3579
13.Nov.19,1.3486
14.Nov.19,1.3404
15.Nov.19,1.3319
18.Nov.19,1.316
19.Nov.19,1.3096
20.Nov.19,1.3062
21.Nov.19,1.3072
22.Nov.19,1.3095
25.Nov.19,1.3184
26.Nov.19,1.3212
27.Nov.19,1.3233
28.Nov.19,1.323
29.Nov.19,1.3206
2.Dec.19,1.3102
3.Dec.19,1.311
4.Dec.19,1.3082
5.Dec.19,1.3042
6.Dec.19,1.301
9.Dec.19,1.2914
10.Dec.19,1.2874
11.Dec.19,1.2843
12.Dec.19,1.2805
13.Dec.19,1.2754
16.Dec.19,1.2644
17.Dec.19,1.2547
18.Dec.19,1.2444
19.Dec.19,1.2342
20.Dec.19,1.2364
23.Dec.19,1.261
24.Dec.19,1.2739
26.Dec.19,1.2862
27.Dec.19,1.2836
30.Dec.19,1.2708
31.Dec.19,1.2682
2.Jan.20,1.2636
3.Jan.20,1.266
6.Jan.20,1.2677
7.Jan.20,1.2661
8.Jan.20,1.2652
9.Jan.20,1.2654
10.Jan.20,1.2651
13.Jan.20,1.263
14.Jan.20,1.2606
15.Jan.20,1.2579
16.Jan.20,1.2552
17.Jan.20,1.2519
20.Jan.20,1.2493
21.Jan.20,1.2441
22.Jan.20,1.2409
23.Jan.20,1.237
24.Jan.20,1.2306
28.Jan.20,1.2122
29.Jan.20,1.2061
30.Jan.20,1.199
31.Jan.20,1.1954
3.Feb.20,1.2023
4.Feb.20,1.2037
5.Feb.20,1.2044
6.Feb.20,1.207
7.Feb.20,1.2089
10.Feb.20,1.2123
11.Feb.20,1.2144
12.Feb.20,1.2161
13.Feb.20,1.2142
14.Feb.20,1.2141
17.Feb.20,1.2149
18.Feb.20,1.2135
19.Feb.20,1.2145
20.Feb.20,1.2144
21.Feb.20,1.2064
24.Feb.20,1.1803
25.Feb.20,1.1735
26.Feb.20,1.1671
27.Feb.20,1.1605
28.Feb.20,1.1556
2.Mar.20,1.1404
3.Mar.20,1.133
4.Mar.20,1.1261
5.Mar.20,1.1191
6.Mar.20,1.1106
9.Mar.20,1.0896
10.Mar.20,1.0823
11.Mar.20,1.0743
12.Mar.20,1.0646
13.Mar.20,1.0592
16.Mar.20,1.0382
17.Mar.20,1.035
18.Mar.20,1.036
19.Mar.20,1.0386
20.Mar.20,1.0331
23.Mar.20,1.0028
24.Mar.20,0.9855
25.Mar.20,0.9667
26.Mar.20,0.9481
27.Mar.20,0.9361
30.Mar.20,0.9018
31.Mar.20,0.8929
1.Apr.20,0.8809
2.Apr.20,0.8687
3.Apr.20,0.8529
6.Apr.20,0.8205
7.Apr.20,0.8126
8.Apr.20,0.8058
9.Apr.20,0.8014
13.Apr.20,0.7782
14.Apr.20,0.7701
15.Apr.20,0.7654
16.Apr.20,0.7609
17.Apr.20,0.7548
20.Apr.20,0.7222
21.Apr.20,0.7149
22.Apr.20,0.704
23.Apr.20,0.6933
24.Apr.20,0.6829
27.Apr.20,0.6441
28.Apr.20,0.6318
29.Apr.20,0.62
30.Apr.20,0.6098
4.May.20,0.534
5.May.20,0.5223
6.May.20,0.5107
8.May.20,0.492
11.May.20,0.465
12.May.20,0.4562
13.May.20,0.4481
14.May.20,0.4383
15.May.20,0.4267
18.May.20,0.393
19.May.20,0.3806
20.May.20,0.3687
21.May.20,0.3619
22.May.20,0.3542
26.May.20,0.3185
27.May.20,0.3092
28.May.20,0.2996
29.May.20,0.2866
1.Jun.20,0.2707
2.Jun.20,0.2576
3.Jun.20,0.2488
4.Jun.20,0.2424
5.Jun.20,0.2371
8.Jun.20,0.2179
9.Jun.20,0.211
10.Jun.20,0.2037
11.Jun.20,0.1977
12.Jun.20,0.1945
15.Jun.20,0.1816
16.Jun.20,0.1773
17.Jun.20,0.1743
18.Jun.20,0.1687
19.Jun.20,0.1642
22.Jun.20,0.1516
23.Jun.20,0.1475
24.Jun.20,0.1455
25.Jun.20,0.1442
26.Jun.20,0.1439
29.Jun.20,0.1431
30.Jun.20,0.143
1.Jul.20,0.1411
2.Jul.20,0.1394
3.Jul.20,0.1375
6.Jul.20,0.1325
7.Jul.20,0.1304
8.Jul.20,0.126
9.Jul.20,0.1195
13.Jul.20,0.0929
14.Jul.20,0.0895
15.Jul.20,0.0854
16.Jul.20,0.0808
17.Jul.20,0.077
20.Jul.20,0.0712
21.Jul.20,0.0702
22.Jul.20,0.07
23.Jul.20,0.0696
24.Jul.20,0.0715
27.Jul.20,0.0778
28.Jul.20,0.0792
29.Jul.20,0.0809
30.Jul.20,0.0804
3.Aug.20,0.0811
4.Aug.20,0.0816
5.Aug.20,0.0817
6.Aug.20,0.0813
7.Aug.20,0.0814
11.Aug.20,0.0865
12.Aug.20,0.0869
13.Aug.20,0.0873
14.Aug.20,0.0879
17.Aug.20,0.0907
18.Aug.20,0.0916
19.Aug.20,0.0929
20.Aug.20,0.0942
21.Aug.20,0.0947
24.Aug.20,0.095
25.Aug.20,0.0952
26.Aug.20,0.0953
27.Aug.20,0.0948
28.Aug.20,0.0949
31.Aug.20,0.0975
1.Sep.20,0.0985
2.Sep.20,0.0992
3.Sep.20,0.0998
4.Sep.20,0.1002
7.Sep.20,0.1014
8.Sep.20,0.1016
9.Sep.20,0.1015
10.Sep.20,0.1019
11.Sep.20,0.1021
14.Sep.20,0.1035
15.Sep.20,0.1031
16.Sep.20,0.1024
17.Sep.20,0.1018
18.Sep.20,0.1015
21.Sep.20,0.1027
22.Sep.20,0.1033
23.Sep.20,0.1024
24.Sep.20,0.1023
25.Sep.20,0.1027
28.Sep.20,0.1008
29.Sep.20,0.1006
30.Sep.20,0.0997
1.Oct.20,0.0988
2.Oct.20,0.0982
5.Oct.20,0.0979
6.Oct.20,0.0984
7.Oct.20,0.0996
8.Oct.20,0.1017
9.Oct.20,0.1021
12.Oct.20,0.1088
13.Oct.20,0.1103
14.Oct.20,0.1112
15.Oct.20,0.1122
16.Oct.20,0.1139
19.Oct.20,0.1168
20.Oct.20,0.1175
21.Oct.20,0.1184
22.Oct.20,0.1187
23.Oct.20,0.1194
26.Oct.20,0.1149
27.Oct.20,0.113
28.Oct.20,0.1114
29.Oct.20,0.1099
30.Oct.20,0.1101
2.Nov.20,0.1167
3.Nov.20,0.1172
4.Nov.20,0.1168
5.Nov.20,0.1166
6.Nov.20,0.1167
9.Nov.20,0.1152
10.Nov.20,0.1146
11.Nov.20,0.1136
12.Nov.20,0.1137
13.Nov.20,0.1136
16.Nov.20,0.1134
17.Nov.20,0.1138
18.Nov.20,0.1137
19.Nov.20,0.113
20.Nov.20,0.1128
23.Nov.20,0.1139
24.Nov.20,0.114
25.Nov.20,0.1147
26.Nov.20,0.1153
27.Nov.20,0.1162
30.Nov.20,0.1171
1.Dec.20,0.116
2.Dec.20,0.1165
3.Dec.20,0.1176
4.Dec.20,0.1184
7.Dec.20,0.1181
8.Dec.20,0.1187
9.Dec.20,0.1195
10.Dec.20,0.1195
11.Dec.20,0.1197
14.Dec.20,0.1171
15.Dec.20,0.1173
16.Dec.20,0.1176
17.Dec.20,0.1183
18.Dec.20,0.1194
21.Dec.20,0.1193
22.Dec.20,0.119
23.Dec.20,0.1201
24.Dec.20,0.1203
28.Dec.20,0.1252
29.Dec.20,0.1248
30.Dec.20,0.1263
31.Dec.20,0.1283
4.Jan.21,0.1661
5.Jan.21,0.1662
6.Jan.21,0.1659
7.Jan.21,0.1656
8.Jan.21,0.1653
11.Jan.21,0.1664
12.Jan.21,0.1664
13.Jan.21,0.1663
14.Jan.21,0.1665
15.Jan.21,0.1663
18.Jan.21,0.1653
19.Jan.21,0.1659
20.Jan.21,0.1666
21.Jan.21,0.1665
22.Jan.21,0.1671
25.Jan.21,0.1679
26.Jan.21,0.1678
27.Jan.21,0.1682
28.Jan.21,0.1681
29.Jan.21,0.1697
1.Feb.21,0.1694
2.Feb.21,0.1684
3.Feb.21,0.1684
4.Feb.21,0.1682
5.Feb.21,0.1683
8.Feb.21,0.1692
9.Feb.21,0.1696
10.Feb.21,0.1704
11.Feb.21,0.1718
15.Feb.21,0.1833
16.Feb.21,0.1845
17.Feb.21,0.1845
18.Feb.21,0.1846
19.Feb.21,0.1849
22.Feb.21,0.1912
23.Feb.21,0.1929
24.Feb.21,0.194
25.Feb.21,0.1946
26.Feb.21,0.1961
1.Mar.21,0.1996
2.Mar.21,0.1989
3.Mar.21,0.1977
4.Mar.21,0.1966
5.Mar.21,0.1968
8.Mar.21,0.1995
9.Mar.21,0.2003
10.Mar.21,0.2015
11.Mar.21,0.202
12.Mar.21,0.2046
15.Mar.21,0.2147
16.Mar.21,0.2176
17.Mar.21,0.2189
18.Mar.21,0.2199
19.Mar.21,0.2213
22.Mar.21,0.2231
23.Mar.21,0.223
24.Mar.21,0.2238
25.Mar.21,0.2236
26.Mar.21,0.224
29.Mar.21,0.2308
30.Mar.21,0.2309
31.Mar.21,0.2295
1.Apr.21,0.2216
5.Apr.21,0.1935
6.Apr.21,0.1937
7.Apr.21,0.1932
8.Apr.21,0.1918
9.Apr.21,0.1902
12.Apr.21,0.1855
13.Apr.21,0.1845
14.Apr.21,0.1839
15.Apr.21,0.1839
16.Apr.21,0.1834
19.Apr.21,0.1844
20.Apr.21,0.1835
21.Apr.21,0.1841
22.Apr.21,0.184
23.Apr.21,0.1844
26.Apr.21,0.1864
27.Apr.21,0.1858
28.Apr.21,0.1867
29.Apr.21,0.1856
30.Apr.21,0.185
3.May.21,0.1862
4.May.21,0.1875
5.May.21,0.1884
6.May.21,0.1895
7.May.21,0.1893
10.May.21,0.1922
11.May.21,0.192
12.May.21,0.1892
14.May.21,0.1847
17.May.21,0.1829
18.May.21,0.1836
19.May.21,0.1837
20.May.21,0.1812
21.May.21,0.1787
24.May.21,0.1729
25.May.21,0.1721
27.May.21,0.1683
28.May.21,0.1666
31.May.21,0.1691
1.Jun.21,0.1679
2.Jun.21,0.1685
3.Jun.21,0.1695
4.Jun.21,0.1702
7.Jun.21,0.1683
8.Jun.21,0.1674
9.Jun.21,0.1667
10.Jun.21,0.1653
11.Jun.21,0.1644
14.Jun.21,0.1561
15.Jun.21,0.153
16.Jun.21,0.1503
17.Jun.21,0.1489
18.Jun.21,0.1486
21.Jun.21,0.1494
22.Jun.21,0.1492
23.Jun.21,0.1493
24.Jun.21,0.1484
25.Jun.21,0.1482
28.Jun.21,0.1399
29.Jun.21,0.1367
30.Jun.21,0.1349
1.Jul.21,0.1326
2.Jul.21,0.1323
5.Jul.21,0.1328
6.Jul.21,0.1326
7.Jul.21,0.1327
8.Jul.21,0.1332
9.Jul.21,0.1339
12.Jul.21,0.1365
13.Jul.21,0.1368
14.Jul.21,0.1368
15.Jul.21,0.1368
16.Jul.21,0.1371
19.Jul.21,0.1347
21.Jul.21,0.1344
22.Jul.21,0.135
23.Jul.21,0.1351
26.Jul.21,0.1319
27.Jul.21,0.1319
28.Jul.21,0.1312
29.Jul.21,0.1306
30.Jul.21,0.13
2.Aug.21,0.1321
3.Aug.21,0.1319
4.Aug.21,0.1309
5.Aug.21,0.1302
6.Aug.21,0.129
10.Aug.21,0.1313
11.Aug.21,0.1301
12.Aug.21,0.1301
13.Aug.21,0.1295
16.Aug.21,0.1272
17.Aug.21,0.1262
18.Aug.21,0.1256
19.Aug.21,0.1255
20.Aug.21,0.1259
23.Aug.21,0.1275
24.Aug.21,0.1279
25.Aug.21,0.1281
26.Aug.21,0.1284
27.Aug.21,0.1287
30.Aug.21,0.1296
31.Aug.21,0.1292
1.Sep.21,0.13
2.Sep.21,0.1301
3.Sep.21,0.1302
6.Sep.21,0.1324
7.Sep.21,0.1327
8.Sep.21,0.1339
9.Sep.21,0.1342
10.Sep.21,0.1346
13.Sep.21,0.1346
14.Sep.21,0.1346
15.Sep.21,0.1342
16.Sep.21,0.1344
17.Sep.21,0.1346
20.Sep.21,0.1319
21.Sep.21,0.1311
22.Sep.21,0.1308
23.Sep.21,0.1312
24.Sep.21,0.1309
27.Sep.21,0.1304
28.Sep.21,0.1305
29.Sep.21,0.1304
30.Sep.21,0.1306
1.Oct.21,0.1306
4.Oct.21,0.1302
5.Oct.21,0.1295
6.Oct.21,0.1291
7.Oct.21,0.1287
8.Oct.21,0.1291
11.Oct.21,0.1315
12.Oct.21,0.1321
13.Oct.21,0.1332
14.Oct.21,0.1344
15.Oct.21,0.1359
18.Oct.21,0.1437
19.Oct.21,0.1452
20.Oct.21,0.1476
21.Oct.21,0.1495
22.Oct.21,0.1498
25.Oct.21,0.153
26.Oct.21,0.1547
27.Oct.21,0.1557
28.Oct.21,0.1555
29.Oct.21,0.1557
1.Nov.21,0.1555
2.Nov.21,0.1546
3.Nov.21,0.1537
5.Nov.21,0.1539
8.Nov.21,0.1504
9.Nov.21,0.1489
10.Nov.21,0.1476
11.Nov.21,0.1486
12.Nov.21,0.1492
15.Nov.21,0.1523
16.Nov.21,0.153
17.Nov.21,0.1545
18.Nov.21,0.1558
19.Nov.21,0.1569
22.Nov.21,0.1615
23.Nov.21,0.1613
24.Nov.21,0.1617
25.Nov.21,0.1622
26.Nov.21,0.1625
29.Nov.21,0.1608
30.Nov.21,0.1596
1.Dec.21,0.1579
2.Dec.21,0.1572
3.Dec.21,0.1565
6.Dec.21,0.1579
7.Dec.21,0.1601
8.Dec.21,0.1617
9.Dec.21,0.1625
10.Dec.21,0.1628
13.Dec.21,0.165
14.Dec.21,0.167
15.Dec.21,0.1699
16.Dec.21,0.1708
17.Dec.21,0.1715
20.Dec.21,0.175
21.Dec.21,0.1753
22.Dec.21,0.1753
23.Dec.21,0.1744
24.Dec.21,0.1749
27.Dec.21,0.1809
28.Dec.21,0.182
29.Dec.21,0.1834
30.Dec.21,0.1856
31.Dec.21,0.1867
3.Jan.22,0.1943
4.Jan.22,0.1949
5.Jan.22,0.196
6.Jan.22,0.1971
7.Jan.22,0.1977
10.Jan.22,0.1966
11.Jan.22,0.1955
12.Jan.22,0.1953
13.Jan.22,0.1955
14.Jan.22,0.196
17.Jan.22,0.1933
18.Jan.22,0.1912
19.Jan.22,0.1903
20.Jan.22,0.1882
21.Jan.22,0.1888
24.Jan.22,0.19
25.Jan.22,0.1893
26.Jan.22,0.1887
27.Jan.22,0.1917
28.Jan.22,0.194
31.Jan.22,0.1991
3.Feb.22,0.2065
4.Feb.22,0.2086
7.Feb.22,0.2141
8.Feb.22,0.2162
9.Feb.22,0.2177
10.Feb.22,0.2182
11.Feb.22,0.2176
14.Feb.22,0.2182
15.Feb.22,0.2175
16.Feb.22,0.2176
17.Feb.22,0.2185
18.Feb.22,0.2189
21.Feb.22,0.2281
22.Feb.22,0.2279
23.Feb.22,0.2304
24.Feb.22,0.2319
25.Feb.22,0.2341
28.Feb.22,0.2454
1.Mar.22,0.2504
2.Mar.22,0.2511
3.Mar.22,0.251
4.Mar.22,0.2497
7.Mar.22,0.2436
8.Mar.22,0.2403
9.Mar.22,0.2386
10.Mar.22,0.2377
11.Mar.22,0.2374
14.Mar.22,0.2351
15.Mar.22,0.2333
16.Mar.22,0.2336
17.Mar.22,0.2349
18.Mar.22,0.2353
21.Mar.22,0.2367
22.Mar.22,0.2399
23.Mar.22,0.2444
24.Mar.22,0.2504
25.Mar.22,0.2533
28.Mar.22,0.2674
29.Mar.22,0.2706
30.Mar.22,0.2707
31.Mar.22,0.2726
1.Apr.22,0.276
4.Apr.22,0.2815
5.Apr.22,0.2847
6.Apr.22,0.2871
7.Apr.22,0.2881
8.Apr.22,0.2896
11.Apr.22,0.2957
12.Apr.22,0.296
13.Apr.22,0.2961
14.Apr.22,0.2978
18.Apr.22,0.3038
19.Apr.22,0.3036
20.Apr.22,0.303
21.Apr.22,0.3015
22.Apr.22,0.3006
25.Apr.22,0.3053
26.Apr.22,0.3064
27.Apr.22,0.3059
28.Apr.22,0.3064
29.Apr.22,0.3065
4.May.22,0.3227
5.May.22,0.3252
6.May.22,0.3318
9.May.22,0.3588
10.May.22,0.3667
11.May.22,0.3739
12.May.22,0.3814
13.May.22,0.3892
17.May.22,0.4418
18.May.22,0.4488
19.May.22,0.4546
20.May.22,0.4588
23.May.22,0.4861
24.May.22,0.4943
25.May.22,0.5009
26.May.22,0.5048
27.May.22,0.508
30.May.22,0.5208
31.May.22,0.5221
1.Jun.22,0.5263
2.Jun.22,0.5278
3.Jun.22,0.5326
6.Jun.22,0.5488
7.Jun.22,0.5531
8.Jun.22,0.5581
9.Jun.22,0.563
10.Jun.22,0.5688
13.Jun.22,0.5904
14.Jun.22,0.5952
15.Jun.22,0.5982
16.Jun.22,0.6
17.Jun.22,0.6053
20.Jun.22,0.6357
21.Jun.22,0.6436
22.Jun.22,0.6544
23.Jun.22,0.6658
24.Jun.22,0.6767
27.Jun.22,0.7163
28.Jun.22,0.7287
29.Jun.22,0.7434
30.Jun.22,0.7572
1.Jul.22,0.772
4.Jul.22,0.8089
5.Jul.22,0.8239
6.Jul.22,0.8394
7.Jul.22,0.8552
8.Jul.22,0.8713
12.Jul.22,0.9431
13.Jul.22,0.9609
14.Jul.22,0.9782
15.Jul.22,0.9951
18.Jul.22,1.0485
19.Jul.22,1.068
20.Jul.22,1.0877
21.Jul.22,1.1055
22.Jul.22,1.1231
25.Jul.22,1.1683
26.Jul.22,1.1839
27.Jul.22,1.198
28.Jul.22,1.211
29.Jul.22,1.2295
1.Aug.22,1.2712
2.Aug.22,1.283
3.Aug.22,1.294
4.Aug.22,1.3016
5.Aug.22,1.3112
8.Aug.22,1.3388
10.Aug.22,1.3571
11.Aug.22,1.3652
12.Aug.22,1.3745
15.Aug.22,1.3925
16.Aug.22,1.3985
17.Aug.22,1.4044
18.Aug.22,1.4155
19.Aug.22,1.4255
22.Aug.22,1.4636
23.Aug.22,1.4752
24.Aug.22,1.4871
25.Aug.22,1.4993
26.Aug.22,1.5106
29.Aug.22,1.5486
30.Aug.22,1.5607
31.Aug.22,1.5793
1.Sep.22,1.5967
2.Sep.22,1.6164
5.Sep.22,1.6654
6.Sep.22,1.6828
7.Sep.22,1.7012
8.Sep.22,1.7188
9.Sep.22,1.7369
12.Sep.22,1.7901
13.Sep.22,1.8069
14.Sep.22,1.8246
15.Sep.22,1.8404
16.Sep.22,1.8549
19.Sep.22,1.8811
20.Sep.22,1.8871
21.Sep.22,1.8945
22.Sep.22,1.8968
23.Sep.22,1.9009
26.Sep.22,1.9207
27.Sep.22,1.928
28.Sep.22,1.9381
29.Sep.22,1.9477
30.Sep.22,1.9732
3.Oct.22,2.0655
4.Oct.22,2.0851
5.Oct.22,2.1035
6.Oct.22,2.1167
7.Oct.22,2.1321
10.Oct.22,2.182
11.Oct.22,2.1929
12.Oct.22,2.2088
13.Oct.22,2.2199
14.Oct.22,2.2353
17.Oct.22,2.2773
18.Oct.22,2.2893
19.Oct.22,2.3028
20.Oct.22,2.3112
21.Oct.22,2.3263
25.Oct.22,2.3891
26.Oct.22,2.4016
27.Oct.22,2.4148
28.Oct.22,2.4292
31.Oct.22,2.4534
1.Nov.22,2.4613
2.Nov.22,2.4705
3.Nov.22,2.481
4.Nov.22,2.4945
7.Nov.22,2.5382
8.Nov.22,2.5499
9.Nov.22,2.563
10.Nov.22,2.5753
11.Nov.22,2.5947
14.Nov.22,2.6487
15.Nov.22,2.6633
16.Nov.22,2.6745
17.Nov.22,2.6854
18.Nov.22,2.6994
21.Nov.22,2.745
22.Nov.22,2.7621
23.Nov.22,2.7778
24.Nov.22,2.7933
25.Nov.22,2.8095
28.Nov.22,2.8651
29.Nov.22,2.882
30.Nov.22,2.9007
1.Dec.22,2.9243
2.Dec.22,2.9442
5.Dec.22,3.0095
6.Dec.22,3.0247
7.Dec.22,3.0393
8.Dec.22,3.0548
9.Dec.22,3.0664
12.Dec.22,3.0925
13.Dec.22,3.0953
14.Dec.22,3.0937
15.Dec.22,3.091
16.Dec.22,3.098
19.Dec.22,3.1138
20.Dec.22,3.1139
21.Dec.22,3.1149
22.Dec.22,3.1141
23.Dec.22,3.1109
27.Dec.22,3.1415
28.Dec.22,3.1317
29.Dec.22,3.1214
30.Dec.22,3.0966
3.Jan.23,3.0294
4.Jan.23,3.0166
5.Jan.23,3.0049
6.Jan.23,3.0008
9.Jan.23,2.998
10.Jan.23,3.0019
11.Jan.23,3.0074
12.Jan.23,3.0057
13.Jan.23,3.0115
16.Jan.23,3.0298
17.Jan.23,3.0328
18.Jan.23,3.0385
19.Jan.23,3.0442
20.Jan.23,3.0549
25.Jan.23,3.0772
26.Jan.23,3.0853
27.Jan.23,3.0925
30.Jan.23,3.1199
31.Jan.23,3.1307
1.Feb.23,3.1419
2.Feb.23,3.1525
3.Feb.23,3.1625
6.Feb.23,3.1869
7.Feb.23,3.1916
8.Feb.23,3.194
9.Feb.23,3.1953
10.Feb.23,3.1989
13.Feb.23,3.209
14.Feb.23,3.2084
15.Feb.23,3.2103
16.Feb.23,3.2148
17.Feb.23,3.2214
20.Feb.23,3.2321
21.Feb.23,3.2314
22.Feb.23,3.2277
23.Feb.23,3.2251
24.Feb.23,3.2266
27.Feb.23,3.2347
28.Feb.23,3.2352
1.Mar.23,3.2206
2.Mar.23,3.2164
3.Mar.23,3.2116
6.Mar.23,3.2035
7.Mar.23,3.2055
8.Mar.23,3.2053
9.Mar.23,3.209
10.Mar.23,3.2143
13.Mar.23,3.2415
14.Mar.23,3.2602
15.Mar.23,3.281
16.Mar.23,3.2921
17.Mar.23,3.3084
20.Mar.23,3.3668
21.Mar.23,3.3901
22.Mar.23,3.4162
23.Mar.23,3.4394
24.Mar.23,3.45
27.Mar.23,3.4664
28.Mar.23,3.4852
29.Mar.23,3.5044
30.Mar.23,3.5296
31.Mar.23,3.542
3.Apr.23,3.5775
4.Apr.23,3.5907
5.Apr.23,3.6042
6.Apr.23,3.6135
10.Apr.23,3.6156
11.Apr.23,3.6127
12.Apr.23,3.6123
13.Apr.23,3.6106
14.Apr.23,3.6047
17.Apr.23,3.5928
18.Apr.23,3.5898
19.Apr.23,3.5851
20.Apr.23,3.5816
21.Apr.23,3.5802
24.Apr.23,3.5969
25.Apr.23,3.6013
26.Apr.23,3.603
27.Apr.23,3.6035
28.Apr.23,3.6047
2.May.23,3.6057
3.May.23,3.6075
4.May.23,3.6076
5.May.23,3.6037
8.May.23,3.6046
9.May.23,3.6086
10.May.23,3.6134
11.May.23,3.6114
12.May.23,3.611
15.May.23,3.6084
16.May.23,3.6093
17.May.23,3.6094
18.May.23,3.6088
19.May.23,3.6077
22.May.23,3.6094
23.May.23,3.6143
24.May.23,3.6152
25.May.23,3.6133
26.May.23,3.6118
29.May.23,3.6125
30.May.23,3.6171
31.May.23,3.6211
1.Jun.23,3.6241
5.Jun.23,3.6313
6.Jun.23,3.6337
7.Jun.23,3.6355
8.Jun.23,3.6394
9.Jun.23,3.6431
12.Jun.23,3.6535
13.Jun.23,3.652
14.Jun.23,3.65
15.Jun.23,3.6501
16.Jun.23,3.6531
19.Jun.23,3.6445
20.Jun.23,3.6416
21.Jun.23,3.6397
22.Jun.23,3.6361
23.Jun.23,3.6346
26.Jun.23,3.6352
27.Jun.23,3.6371
28.Jun.23,3.6396
30.Jun.23,3.6414
3.Jul.23,3.6549
4.Jul.23,3.66
5.Jul.23,3.6621
6.Jul.23,3.6653
7.Jul.23,3.6685
10.Jul.23,3.6794
11.Jul.23,3.6844
12.Jul.23,3.689
13.Jul.23,3.6926
14.Jul.23,3.6955
17.Jul.23,3.7016
18.Jul.23,3.7044
19.Jul.23,3.7069
20.Jul.23,3.7093
21.Jul.23,3.7111
24.Jul.23,3.6996
25.Jul.23,3.6947
26.Jul.23,3.6914
27.Jul.23,3.6883
28.Jul.23,3.6844
31.Jul.23,3.6774
1.Aug.23,3.6748
2.Aug.23,3.6706
3.Aug.23,3.6676
4.Aug.23,3.6663
7.Aug.23,3.6796
8.Aug.23,3.6844
10.Aug.23,3.6872
11.Aug.23,3.6878
14.Aug.23,3.6938
15.Aug.23,3.6954
16.Aug.23,3.6965
17.Aug.23,3.6976
18.Aug.23,3.6985
21.Aug.23,3.7078
22.Aug.23,3.7076
23.Aug.23,3.7051
24.Aug.23,3.7046
25.Aug.23,3.7034
28.Aug.23,3.7
29.Aug.23,3.6996
30.Aug.23,3.6976
31.Aug.23,3.6949
4.Sep.23,3.6964
5.Sep.23,3.6974
6.Sep.23,3.6972
7.Sep.23,3.6962
8.Sep.23,3.6944
11.Sep.23,3.6947
12.Sep.23,3.6925
13.Sep.23,3.6939
14.Sep.23,3.6957
15.Sep.23,3.6978
18.Sep.23,3.7045
19.Sep.23,3.7057
20.Sep.23,3.7054
21.Sep.23,3.7059
22.Sep.23,3.706
25.Sep.23,3.7072
26.Sep.23,3.707
27.Sep.23,3.7077
28.Sep.23,3.7071
29.Sep.23,3.7052
2.Oct.23,3.7017
3.Oct.23,3.698
4.Oct.23,3.6956
5.Oct.23,3.6934
6.Oct.23,3.6919
9.Oct.23,3.6988
10.Oct.23,3.6994
11.Oct.23,3.7001
12.Oct.23,3.7004
13.Oct.23,3.7018
16.Oct.23,3.7099
17.Oct.23,3.7123
18.Oct.23,3.7152
19.Oct.23,3.7185
20.Oct.23,3.7211
23.Oct.23,3.7287
24.Oct.23,3.73
25.Oct.23,3.732
26.Oct.23,3.7352
27.Oct.23,3.7401
30.Oct.23,3.7479
31.Oct.23,3.7512
1.Nov.23,3.7527
2.Nov.23,3.7556
3.Nov.23,3.7581
6.Nov.23,3.7611
7.Nov.23,3.7594
8.Nov.23,3.7562
9.Nov.23,3.7531
10.Nov.23,3.7509
14.Nov.23,3.7524
15.Nov.23,3.7536
16.Nov.23,3.7546
17.Nov.23,3.7549
20.Nov.23,3.7543
21.Nov.23,3.7517
22.Nov.23,3.7534
23.Nov.23,3.7532
24.Nov.23,3.7532
27.Nov.23,3.7531
28.Nov.23,3.7533
29.Nov.23,3.751
30.Nov.23,3.7477
1.Dec.23,3.7464
4.Dec.23,3.7432
5.Dec.23,3.7416
6.Dec.23,3.7408
7.Dec.23,3.7411
8.Dec.23,3.7436
11.Dec.23,3.7405
12.Dec.23,3.7408
13.Dec.23,3.7429
14.Dec.23,3.7462
15.Dec.23,3.7472
18.Dec.23,3.7445
19.Dec.23,3.7442
20.Dec.23,3.744
21.Dec.23,3.741
22.Dec.23,3.7388
26.Dec.23,3.7228
27.Dec.23,3.7182
28.Dec.23,3.713
29.Dec.23,3.709
2.Jan.24,3.7018
3.Jan.24,3.7012
4.Jan.24,3.7038
5.Jan.24,3.7063
8.Jan.24,3.7039
9.Jan.24,3.703
10.Jan.24,3.7032
11.Jan.24,3.704
12.Jan.24,3.7057
15.Jan.24,3.706
16.Jan.24,3.7039
17.Jan.24,3.7029
18.Jan.24,3.7008
19.Jan.24,3.6984
22.Jan.24,3.6841
23.Jan.24,3.68
24.Jan.24,3.6763
25.Jan.24,3.6728
26.Jan.24,3.6707
29.Jan.24,3.6632
30.Jan.24,3.6609
31.Jan.24,3.6571
1.Feb.24,3.6548
2.Feb.24,3.6524
5.Feb.24,3.6443
6.Feb.24,3.6424
7.Feb.24,3.6427
8.Feb.24,3.6429
9.Feb.24,3.6427
13.Feb.24,3.6379
14.Feb.24,3.6349
15.Feb.24,3.634
16.Feb.24,3.6346
19.Feb.24,3.6346
20.Feb.24,3.6343
21.Feb.24,3.6353
22.Feb.24,3.6335
23.Feb.24,3.6347
26.Feb.24,3.6412
27.Feb.24,3.6427
28.Feb.24,3.6433
29.Feb.24,3.6466
1.Mar.24,3.6488
4.Mar.24,3.6519
5.Mar.24,3.6509
6.Mar.24,3.6496
7.Mar.24,3.648
8.Mar.24,3.6449
11.Mar.24,3.6367
12.Mar.24,3.6328
13.Mar.24,3.6273
14.Mar.24,3.6204
15.Mar.24,3.6171
18.Mar.24,3.6118
19.Mar.24,3.6131
20.Mar.24,3.6165
21.Mar.24,3.6211
22.Mar.24,3.6277
25.Mar.24,3.6564
26.Mar.24,3.6634
27.Mar.24,3.669
28.Mar.24,3.6762
1.Apr.24,3.6829
2.Apr.24,3.6838
3.Apr.24,3.6838
4.Apr.24,3.6804
5.Apr.24,3.6771
8.Apr.24,3.6666
9.Apr.24,3.6615
11.Apr.24,3.654
12.Apr.24,3.6497
15.Apr.24,3.6406
16.Apr.24,3.6387
17.Apr.24,3.6363
18.Apr.24,3.6329
19.Apr.24,3.6319
22.Apr.24,3.639
23.Apr.24,3.6397
24.Apr.24,3.6403
25.Apr.24,3.6416
26.Apr.24,3.6421
29.Apr.24,3.6466
30.Apr.24,3.6465
2.May.24,3.6491
3.May.24,3.6508
6.May.24,3.6583
7.May.24,3.6598
8.May.24,3.6626
9.May.24,3.6691
10.May.24,3.6742
13.May.24,3.6917
14.May.24,3.6957
15.May.24,3.6972
16.May.24,3.6962
17.May.24,3.6939
20.May.24,3.6872
21.May.24,3.6852
23.May.24,3.6807
24.May.24,3.6776
27.May.24,3.6732
28.May.24,3.6727
29.May.24,3.67
30.May.24,3.6689
31.May.24,3.6678
3.Jun.24,3.6597
4.Jun.24,3.6602
5.Jun.24,3.6624
6.Jun.24,3.6651
7.Jun.24,3.6656
10.Jun.24,3.6723
11.Jun.24,3.6717
12.Jun.24,3.6721
13.Jun.24,3.6742
14.Jun.24,3.6769
18.Jun.24,3.6867
19.Jun.24,3.6856
20.Jun.24,3.6836
21.Jun.24,3.6806
24.Jun.24,3.6633
25.Jun.24,3.6568
26.Jun.24,3.6516
27.Jun.24,3.6478
28.Jun.24,3.6428
1.Jul.24,3.6336
2.Jul.24,3.6305
3.Jul.24,3.6283
4.Jul.24,3.6279
5.Jul.24,3.6275
8.Jul.24,3.6311
9.Jul.24,3.6321
10.Jul.24,3.632
11.Jul.24,3.6329
12.Jul.24,3.6337
15.Jul.24,3.6365
16.Jul.24,3.6376
17.Jul.24,3.6386
18.Jul.24,3.6412
19.Jul.24,3.6423
22.Jul.24,3.6402
23.Jul.24,3.6397
24.Jul.24,3.6393
25.Jul.24,3.6395
26.Jul.24,3.64
29.Jul.24,3.6399
30.Jul.24,3.6403
31.Jul.24,3.6389
1.Aug.24,3.6381
2.Aug.24,3.6384
5.Aug.24,3.634
6.Aug.24,3.6325
7.Aug.24,3.6303
8.Aug.24,3.6279
12.Aug.24,3.611
13.Aug.24,3.607
14.Aug.24,3.6066
15.Aug.24,3.6062
16.Aug.24,3.6051
19.Aug.24,3.6032
20.Aug.24,3.6027
21.Aug.24,3.6001
22.Aug.24,3.5973
23.Aug.24,3.5944
26.Aug.24,3.5811
27.Aug.24,3.5761
28.Aug.24,3.5723
29.Aug.24,3.5702
30.Aug.24,3.569
2.Sep.24,3.5694
3.Sep.24,3.5686
4.Sep.24,3.5657
5.Sep.24,3.5619
6.Sep.24,3.5578
9.Sep.24,3.5515
10.Sep.24,3.5479
11.Sep.24,3.5468
12.Sep.24,3.5468
13.Sep.24,3.5456
16.Sep.24,3.5395
17.Sep.24,3.537
18.Sep.24,3.5334
19.Sep.24,3.5305
20.Sep.24,3.524
23.Sep.24,3.5103
24.Sep.24,3.5046
25.Sep.24,3.4988
26.Sep.24,3.4944
27.Sep.24,3.4924
30.Sep.24,3.4882
1.Oct.24,3.4932
2.Oct.24,3.4966
3.Oct.24,3.4987
4.Oct.24,3.5
7.Oct.24,3.5013
8.Oct.24,3.501
9.Oct.24,3.5002
10.Oct.24,3.4991
11.Oct.24,3.4949
14.Oct.24,3.4808
15.Oct.24,3.4757
16.Oct.24,3.4704
17.Oct.24,3.4637
18.Oct.24,3.4566
21.Oct.24,3.4371
22.Oct.24,3.4314
23.Oct.24,3.4266
24.Oct.24,3.4215
25.Oct.24,3.415
28.Oct.24,3.3948
29.Oct.24,3.3884
30.Oct.24,3.3834
1.Nov.24,3.3769
4.Nov.24,3.3658
5.Nov.24,3.3593
6.Nov.24,3.3516
7.Nov.24,3.3438
8.Nov.24,3.3364
11.Nov.24,3.3202
12.Nov.24,3.3151
13.Nov.24,3.3088
14.Nov.24,3.301
15.Nov.24,3.2932
18.Nov.24,3.2728
19.Nov.24,3.2685
20.Nov.24,3.2632
21.Nov.24,3.2588
22.Nov.24,3.254
25.Nov.24,3.25
26.Nov.24,3.2482
27.Nov.24,3.2447
28.Nov.24,3.2389
29.Nov.24,3.2322
2.Dec.24,3.2147
3.Dec.24,3.2093
4.Dec.24,3.2039
5.Dec.24,3.1988
6.Dec.24,3.1909
9.Dec.24,3.1676
10.Dec.24,3.164
11.Dec.24,3.1598
12.Dec.24,3.1546
13.Dec.24,3.1509
16.Dec.24,3.1413
17.Dec.24,3.137
18.Dec.24,3.1327
19.Dec.24,3.1276
20.Dec.24,3.1263
23.Dec.24,3.1272
24.Dec.24,3.1232
26.Dec.24,3.1143
27.Dec.24,3.1047
30.Dec.24,3.0799
31.Dec.24,3.0717
2.Jan.25,3.0346
3.Jan.25,3.0227
6.Jan.25,2.9962
7.Jan.25,2.9883
8.Jan.25,2.9805
9.Jan.25,2.9744
10.Jan.25,2.97
13.Jan.25,2.9701
14.Jan.25,2.9683
15.Jan.25,2.9666
16.Jan.25,2.9642
17.Jan.25,2.9594
20.Jan.25,2.9364
21.Jan.25,2.9284
22.Jan.25,2.9221
23.Jan.25,2.9162
24.Jan.25,2.9157
27.Jan.25,2.918
28.Jan.25,2.9175
31.Jan.25,2.9182
3.Feb.25,2.8993
4.Feb.25,2.893
5.Feb.25,2.8889
6.Feb.25,2.883
7.Feb.25,2.879
10.Feb.25,2.8615
11.Feb.25,2.8554
12.Feb.25,2.848
13.Feb.25,2.8418
14.Feb.25,2.8367
17.Feb.25,2.8207
18.Feb.25,2.8143
19.Feb.25,2.8077
20.Feb.25,2.8011
21.Feb.25,2.7959
24.Feb.25,2.7752
25.Feb.25,2.7661
26.Feb.25,2.759
27.Feb.25,2.7534
28.Feb.25,2.7518
3.Mar.25,2.7291
4.Mar.25,2.7208
5.Mar.25,2.7129